,0
0,1.0
1,1.0
2,4.0
3,47.0
4,13.0
5,33.0
6,112.0
7,34.0
8,5.0
9,13.0
10,13.0
11,5.0
12,5.0
13,3.0
14,1.0
15,9.0
16,4.0
17,2.0
18,8.0
19,5.0
20,4.0
21,2.0
22,4.0
23,15.0
24,9.0
25,2.0
26,5.0
27,1.0
28,1.0
29,4.0
30,7.0
31,11.0
32,7.0
33,1.0
34,1.0
35,19.0
36,6.0
37,5.0
38,5.0
39,75.0
40,7.0
41,1.0
42,2.0
43,3.0
44,28.0
45,2.0
46,100.0
47,43.0
48,1.0
49,1.0
50,3.0
51,3.0
52,3.0
53,17.0
54,3.0
55,21.0
56,19.0
57,6.0
58,5.0
59,6.0
60,3.0
61,2.0
62,1.0
63,14.0
64,45.0
65,48.0
66,36.0
67,10.0
68,34.0
69,2.0
70,24.0
71,2.0
72,3.0
73,15.0
74,2.0
75,8.0
76,1.0
77,35.0
78,10.0
79,6.0
80,15.0
81,2.0
82,7.0
83,2.0
84,5.0
85,3.0
86,5.0
87,13.0
88,73.0
89,9.0
90,18.0
91,4.0
92,67.0
93,8.0
94,12.0
95,3.0
96,2.0
97,2.0
98,2.0
99,8.0
100,2.0
101,4.0
102,7.0
103,5.0
104,18.0
105,1.0
106,2.0
107,4.0
108,13.0
109,7.0
110,121.0
111,2.0
112,3.0
113,3.0
114,2.0
115,3.0
116,16.0
117,30.0
118,2.0
119,3.0
120,28.0
121,1.0
122,1.0
123,15.0
124,16.0
125,42.0
126,3.0
127,2.0
128,3.0
129,3.0
130,3.0
131,4.0
132,5.0
133,6.0
134,2.0
135,2.0
136,1.0
137,1.0
138,1.0
139,1.0
140,1.0
141,1.0
142,1.0
143,2.0
144,7.0
145,8.0
146,2.0
147,1.0
148,7.0
149,16.0
150,57.0
151,33.0
152,15.0
153,46.0
154,18.0
155,26.0
156,6.0
157,3.0
158,49.0
159,2.0
160,84.0
161,2.0
162,33.0
163,27.0
164,31.0
165,14.0
166,48.0
167,29.0
168,22.0
169,79.0
170,6.0
171,14.0
172,35.0
173,17.0
174,12.0
175,4.0
176,14.0
177,19.0
178,4.0
179,3.0
180,13.0
181,34.0
182,38.0
183,11.0
184,18.0
185,2.0
186,3.0
187,7.0
188,1.0
189,21.0
190,55.0
191,11.0
192,18.0
193,79.0
194,14.0
195,14.0
196,32.0
197,2.0
198,1.0
199,7.0
200,2.0
201,58.0
202,4.0
203,8.0
204,3.0
205,1.0
206,2.0
207,52.0
208,1.0
209,110.0
210,2.0
211,13.0
212,46.0
213,12.0
214,1.0
215,5.0
216,44.0
217,2.0
218,11.0
219,8.0
220,2.0
221,2.0
222,6.0
223,1.0
224,31.0
225,108.0
226,3.0
227,5.0
228,4.0
229,3.0
230,15.0
231,3.0
232,6.0
233,8.0
234,2.0
235,16.0
236,2.0
237,2.0
238,2.0
239,38.0
240,5.0
241,9.0
242,15.0
243,41.0
244,6.0
245,7.0
246,61.0
247,44.0
248,1.0
249,3.0
250,26.0
251,6.0
252,3.0
253,1.0
254,16.0
255,1.0
256,25.0
257,4.0
258,45.0
259,31.0
260,2.0
261,1.0
262,2.0
263,3.0
264,40.0
265,2.0
266,9.0
267,28.0
268,20.0
269,2.0
270,55.0
271,16.0
272,5.0
273,1.0
274,15.0
275,3.0
276,8.0
277,8.0
278,4.0
279,2.0
280,47.0
281,4.0
282,1.0
283,12.0
284,68.0
285,1.0
286,2.0
287,9.0
288,5.0
289,25.0
290,69.0
291,6.0
292,2.0
293,4.0
294,1.0
295,1.0
296,50.0
297,8.0
298,112.0
299,120.0
300,2.0
301,3.0
302,7.0
303,3.0
304,4.0
305,3.0
306,1.0
307,46.0
308,130.0
309,1.0
310,3.0
311,27.0
312,3.0
313,44.0
314,5.0
315,20.0
316,3.0
317,2.0
318,5.0
319,2.0
320,49.0
321,14.0
322,7.0
323,48.0
324,107.0
325,17.0
326,5.0
327,43.0
328,27.0
329,5.0
330,2.0
331,9.0
332,16.0
333,1.0
334,2.0
335,36.0
336,31.0
337,2.0
338,5.0
339,61.0
340,5.0
341,6.0
342,72.0
343,14.0
344,82.0
345,23.0
346,10.0
347,9.0
348,3.0
349,6.0
350,1.0
351,2.0
352,3.0
353,24.0
354,6.0
355,5.0
356,2.0
357,20.0
358,10.0
359,7.0
360,1.0
361,6.0
362,12.0
363,7.0
364,4.0
365,12.0
366,11.0
367,10.0
368,6.0
369,18.0
370,5.0
371,13.0
372,7.0
373,5.0
374,1.0
375,1.0
376,1.0
377,1.0
378,1.0
379,12.0
380,3.0
381,65.0
382,4.0
383,2.0
384,8.0
385,2.0
386,2.0
387,1.0
388,56.0
389,34.0
390,10.0
391,1.0
392,43.0
393,90.0
394,7.0
395,8.0
396,6.0
397,7.0
398,91.0
399,1.0
400,1.0
401,6.0
402,3.0
403,3.0
404,3.0
405,3.0
406,68.0
407,6.0
408,1.0
409,1.0
410,2.0
411,20.0
412,1.0
413,5.0
414,3.0
415,1.0
416,11.0
417,20.0
418,23.0
419,47.0
420,15.0
421,25.0
422,14.0
423,2.0
424,2.0
425,6.0
426,32.0
427,43.0
428,3.0
429,1.0
430,1.0
431,9.0
432,3.0
433,2.0
434,3.0
435,3.0
436,9.0
437,2.0
438,14.0
439,1.0
440,8.0
441,49.0
442,4.0
443,38.0
444,4.0
445,63.0
446,50.0
447,1.0
448,59.0
449,8.0
450,2.0
451,9.0
452,15.0
453,35.0
454,3.0
455,55.0
456,13.0
457,19.0
458,32.0
459,2.0
460,2.0
461,53.0
462,78.0
463,2.0
464,7.0
465,41.0
466,24.0
467,18.0
468,1.0
469,1.0
470,52.0
471,6.0
472,1.0
473,9.0
474,12.0
475,9.0
476,2.0
477,2.0
478,1.0
479,46.0
480,1.0
481,1.0
482,6.0
483,5.0
484,2.0
485,9.0
486,1.0
487,1.0
488,41.0
489,104.0
490,16.0
491,3.0
492,37.0
493,1.0
494,4.0
495,2.0
496,2.0
497,2.0
498,5.0
499,3.0
500,9.0
501,35.0
502,8.0
503,1.0
504,2.0
505,1.0
506,89.0
507,108.0
508,7.0
509,25.0
510,36.0
511,116.0
512,7.0
513,20.0
514,5.0
515,94.0
516,5.0
517,2.0
518,18.0
519,1.0
520,1.0
521,2.0
522,3.0
523,8.0
524,1.0
525,9.0
526,10.0
527,38.0
528,33.0
529,21.0
530,8.0
531,5.0
532,19.0
533,8.0
534,6.0
535,3.0
536,3.0
537,2.0
538,3.0
539,1.0
540,2.0
541,27.0
542,5.0
543,29.0
544,3.0
545,3.0
546,5.0
547,4.0
548,1.0
549,39.0
550,5.0
551,2.0
552,2.0
553,14.0
554,61.0
555,1.0
556,3.0
557,1.0
558,1.0
559,2.0
560,2.0
561,18.0
562,17.0
563,1.0
564,1.0
565,5.0
566,2.0
567,1.0
568,38.0
569,26.0
570,12.0
571,1.0
572,1.0
573,11.0
574,67.0
575,36.0
576,36.0
577,1.0
578,3.0
579,15.0
580,9.0
581,18.0
582,3.0
583,16.0
584,51.0
585,9.0
586,2.0
587,7.0
588,82.0
589,1.0
590,2.0
591,34.0
592,7.0
593,17.0
594,3.0
595,6.0
596,5.0
597,1.0
598,25.0
599,3.0
600,1.0
601,8.0
602,3.0
603,20.0
604,17.0
605,2.0
606,1.0
607,81.0
608,14.0
609,47.0
610,7.0
611,2.0
612,9.0
613,17.0
614,78.0
615,13.0
616,5.0
617,74.0
618,57.0
619,1.0
620,1.0
621,22.0
622,2.0
623,1.0
624,8.0
625,14.0
626,9.0
627,4.0
628,12.0
629,3.0
630,4.0
631,19.0
632,43.0
633,2.0
634,9.0
635,2.0
636,7.0
637,1.0
638,2.0
639,4.0
640,11.0
641,2.0
642,7.0
643,11.0
644,11.0
645,72.0
646,32.0
647,36.0
648,6.0
649,4.0
650,12.0
651,23.0
652,5.0
653,2.0
654,62.0
655,10.0
656,12.0
657,9.0
658,2.0
659,20.0
660,3.0
661,3.0
662,2.0
663,39.0
664,57.0
665,4.0
666,2.0
667,67.0
668,28.0
669,16.0
670,3.0
671,86.0
672,5.0
673,12.0
674,40.0
675,16.0
676,24.0
677,3.0
678,119.0
679,2.0
680,1.0
681,1.0
682,1.0
683,1.0
684,1.0
685,7.0
686,5.0
687,11.0
688,35.0
689,6.0
690,2.0
691,2.0
692,1.0
693,15.0
694,3.0
695,7.0
696,4.0
697,78.0
698,2.0
699,91.0
700,7.0
701,6.0
702,1.0
703,9.0
704,16.0
705,5.0
706,2.0
707,22.0
708,11.0
709,4.0
710,47.0
711,5.0
712,8.0
713,3.0
714,63.0
715,7.0
716,1.0
717,5.0
718,25.0
719,107.0
720,3.0
721,3.0
722,14.0
723,1.0
724,1.0
725,7.0
726,7.0
727,3.0
728,5.0
729,30.0
730,2.0
731,8.0
732,6.0
733,4.0
734,3.0
735,6.0
736,19.0
737,3.0
738,17.0
739,4.0
740,2.0
741,11.0
742,32.0
743,1.0
744,69.0
745,7.0
746,3.0
747,5.0
748,12.0
749,3.0
750,9.0
751,26.0
752,6.0
753,6.0
754,19.0
755,75.0
756,4.0
757,43.0
758,27.0
759,93.0
760,3.0
761,2.0
762,15.0
763,58.0
764,5.0
765,55.0
766,13.0
767,2.0
768,5.0
769,50.0
770,40.0
771,19.0
772,38.0
773,41.0
774,3.0
775,2.0
776,4.0
777,7.0
778,1.0
779,10.0
780,9.0
781,3.0
782,1.0
783,1.0
784,19.0
785,5.0
786,6.0
787,1.0
788,32.0
789,95.0
790,38.0
791,70.0
792,11.0
793,4.0
794,38.0
795,1.0
796,28.0
797,1.0
798,51.0
799,61.0
800,67.0
801,79.0
802,68.0
803,14.0
804,4.0
805,1.0
806,11.0
807,34.0
808,64.0
809,93.0
810,2.0
811,91.0
812,79.0
813,111.0
814,87.0
815,87.0
816,39.0
817,17.0
818,59.0
819,1.0
820,35.0
821,85.0
822,27.0
823,30.0
824,3.0
825,24.0
826,68.0
827,45.0
828,113.0
829,77.0
830,3.0
831,77.0
832,22.0
833,75.0
834,15.0
835,31.0
836,39.0
837,9.0
838,87.0
839,2.0
840,24.0
841,9.0
842,5.0
843,12.0
844,33.0
845,2.0
846,4.0
847,2.0
848,8.0
849,26.0
850,18.0
851,5.0
852,3.0
853,29.0
854,2.0
855,6.0
856,10.0
857,1.0
858,4.0
859,2.0
860,5.0
861,31.0
862,2.0
863,12.0
864,9.0
865,96.0
866,67.0
867,85.0
868,4.0
869,15.0
870,8.0
871,1.0
872,2.0
873,1.0
874,6.0
875,4.0
876,3.0
877,29.0
878,31.0
879,47.0
880,4.0
881,19.0
882,2.0
883,1.0
884,37.0
885,16.0
886,1.0
887,10.0
888,10.0
889,2.0
890,136.0
891,4.0
892,6.0
893,13.0
894,25.0
895,4.0
896,1.0
897,37.0
898,6.0
899,38.0
900,57.0
901,96.0
902,7.0
903,5.0
904,2.0
905,25.0
906,3.0
907,14.0
908,7.0
909,5.0
910,1.0
911,2.0
912,1.0
913,1.0
914,21.0
915,13.0
916,9.0
917,10.0
918,1.0
919,2.0
920,4.0
921,10.0
922,9.0
923,8.0
924,22.0
925,3.0
926,30.0
927,1.0
928,2.0
929,1.0
930,15.0
931,56.0
932,5.0
933,6.0
934,5.0
935,2.0
936,1.0
937,6.0
938,1.0
939,46.0
940,27.0
941,57.0
942,2.0
943,7.0
944,47.0
945,42.0
946,4.0
947,1.0
948,38.0
949,2.0
950,5.0
951,8.0
952,1.0
953,26.0
954,4.0
955,11.0
956,6.0
957,58.0
958,1.0
959,2.0
960,1.0
961,1.0
962,11.0
963,2.0
964,25.0
965,41.0
966,24.0
967,1.0
968,5.0
969,1.0
970,3.0
971,1.0
972,2.0
973,55.0
974,2.0
975,2.0
976,10.0
977,6.0
978,3.0
979,6.0
980,1.0
981,4.0
982,1.0
983,3.0
984,2.0
985,5.0
986,2.0
987,3.0
988,2.0
989,27.0
990,11.0
991,2.0
992,3.0
993,16.0
994,16.0
995,38.0
996,18.0
997,11.0
998,1.0
999,6.0
1000,3.0
1001,3.0
1002,32.0
1003,15.0
1004,7.0
1005,1.0
1006,5.0
1007,4.0
1008,7.0
1009,85.0
1010,1.0
1011,16.0
1012,2.0
1013,2.0
1014,4.0
1015,7.0
1016,13.0
1017,4.0
1018,2.0
1019,3.0
1020,12.0
1021,3.0
1022,79.0
1023,48.0
1024,33.0
1025,26.0
1026,3.0
1027,2.0
1028,47.0
1029,12.0
1030,3.0
1031,7.0
1032,3.0
1033,10.0
1034,28.0
1035,17.0
1036,1.0
1037,13.0
1038,78.0
1039,3.0
1040,1.0
1041,2.0
1042,1.0
1043,5.0
1044,20.0
1045,6.0
1046,33.0
1047,17.0
1048,8.0
1049,35.0
1050,4.0
1051,4.0
1052,9.0
1053,23.0
1054,27.0
1055,21.0
1056,7.0
1057,48.0
1058,7.0
1059,6.0
1060,86.0
1061,2.0
1062,127.0
1063,3.0
1064,7.0
1065,12.0
1066,3.0
1067,30.0
1068,8.0
1069,36.0
1070,9.0
1071,16.0
1072,4.0
1073,8.0
1074,16.0
1075,3.0
1076,63.0
1077,7.0
1078,2.0
1079,7.0
1080,19.0
1081,4.0
1082,105.0
1083,49.0
1084,11.0
1085,13.0
1086,13.0
1087,15.0
1088,2.0
1089,11.0
1090,42.0
1091,10.0
1092,72.0
1093,6.0
1094,16.0
1095,122.0
1096,3.0
1097,32.0
1098,67.0
1099,2.0
1100,1.0
1101,1.0
1102,2.0
1103,1.0
1104,1.0
1105,5.0
1106,3.0
1107,3.0
1108,7.0
1109,6.0
1110,4.0
1111,11.0
1112,12.0
1113,16.0
1114,19.0
1115,46.0
1116,3.0
1117,15.0
1118,2.0
1119,2.0
1120,3.0
1121,12.0
1122,3.0
1123,2.0
1124,1.0
1125,3.0
1126,7.0
1127,5.0
1128,4.0
1129,9.0
1130,3.0
1131,77.0
1132,3.0
1133,27.0
1134,1.0
1135,16.0
1136,7.0
1137,66.0
1138,30.0
1139,4.0
1140,2.0
1141,3.0
1142,1.0
1143,5.0
1144,10.0
1145,6.0
1146,6.0
1147,9.0
1148,17.0
1149,89.0
1150,1.0
1151,2.0
1152,33.0
1153,1.0
1154,75.0
1155,16.0
1156,15.0
1157,2.0
1158,3.0
1159,34.0
1160,2.0
1161,6.0
1162,14.0
1163,30.0
1164,3.0
1165,10.0
1166,15.0
1167,5.0
1168,12.0
1169,55.0
1170,1.0
1171,3.0
1172,1.0
1173,1.0
1174,2.0
1175,1.0
1176,60.0
1177,28.0
1178,3.0
1179,1.0
1180,2.0
1181,7.0
1182,19.0
1183,4.0
1184,8.0
1185,70.0
1186,1.0
1187,4.0
1188,1.0
1189,3.0
1190,1.0
1191,7.0
1192,15.0
1193,4.0
1194,2.0
1195,21.0
1196,63.0
1197,21.0
1198,39.0
1199,4.0
1200,6.0
1201,79.0
1202,11.0
1203,4.0
1204,2.0
1205,7.0
1206,1.0
1207,1.0
1208,5.0
1209,1.0
1210,4.0
1211,56.0
1212,2.0
1213,2.0
1214,3.0
1215,16.0
1216,38.0
1217,5.0
1218,6.0
1219,42.0
1220,15.0
1221,13.0
1222,121.0
1223,126.0
1224,9.0
1225,37.0
1226,2.0
1227,21.0
1228,72.0
1229,9.0
1230,13.0
1231,3.0
1232,1.0
1233,116.0
1234,2.0
1235,10.0
1236,9.0
1237,6.0
1238,27.0
1239,39.0
1240,17.0
1241,1.0
1242,1.0
1243,1.0
1244,1.0
1245,4.0
1246,4.0
1247,17.0
1248,1.0
1249,3.0
1250,33.0
1251,81.0
1252,12.0
1253,1.0
1254,1.0
1255,3.0
1256,7.0
1257,13.0
1258,115.0
1259,1.0
1260,4.0
1261,62.0
1262,17.0
1263,5.0
1264,7.0
1265,2.0
1266,53.0
1267,6.0
1268,3.0
1269,82.0
1270,120.0
1271,111.0
1272,2.0
1273,15.0
1274,13.0
1275,88.0
1276,3.0
1277,2.0
1278,14.0
1279,6.0
1280,6.0
1281,2.0
1282,4.0
1283,9.0
1284,35.0
1285,2.0
1286,1.0
1287,10.0
1288,39.0
1289,2.0
1290,2.0
1291,2.0
1292,11.0
1293,12.0
1294,4.0
1295,3.0
1296,5.0
1297,93.0
1298,2.0
1299,88.0
1300,13.0
1301,2.0
1302,20.0
1303,19.0
1304,4.0
1305,3.0
1306,77.0
1307,5.0
1308,2.0
1309,48.0
1310,1.0
1311,60.0
1312,48.0
1313,2.0
1314,2.0
1315,2.0
1316,112.0
1317,2.0
1318,28.0
1319,2.0
1320,20.0
1321,11.0
1322,74.0
1323,3.0
1324,2.0
1325,1.0
1326,2.0
1327,4.0
1328,22.0
1329,2.0
1330,5.0
1331,6.0
1332,3.0
1333,19.0
1334,5.0
1335,8.0
1336,63.0
1337,2.0
1338,3.0
1339,2.0
1340,6.0
1341,2.0
1342,60.0
1343,4.0
1344,82.0
1345,5.0
1346,19.0
1347,5.0
1348,6.0
1349,44.0
1350,17.0
1351,2.0
1352,11.0
1353,84.0
1354,6.0
1355,3.0
1356,7.0
1357,65.0
1358,1.0
1359,3.0
1360,6.0
1361,2.0
1362,5.0
1363,23.0
1364,66.0
1365,94.0
1366,100.0
1367,55.0
1368,86.0
1369,3.0
1370,6.0
1371,1.0
1372,47.0
1373,44.0
1374,7.0
1375,36.0
1376,28.0
1377,53.0
1378,22.0
1379,52.0
1380,68.0
1381,2.0
1382,5.0
1383,3.0
1384,3.0
1385,4.0
1386,56.0
1387,7.0
1388,27.0
1389,1.0
1390,6.0
1391,45.0
1392,14.0
1393,4.0
1394,8.0
1395,9.0
1396,2.0
1397,2.0
1398,9.0
1399,1.0
1400,3.0
1401,14.0
1402,5.0
1403,3.0
1404,21.0
1405,61.0
1406,8.0
1407,61.0
1408,79.0
1409,80.0
1410,4.0
1411,4.0
1412,2.0
1413,7.0
1414,3.0
1415,3.0
1416,6.0
1417,25.0
1418,2.0
1419,3.0
1420,2.0
1421,7.0
1422,6.0
1423,6.0
1424,109.0
1425,14.0
1426,25.0
1427,2.0
1428,3.0
1429,34.0
1430,9.0
1431,5.0
1432,19.0
1433,3.0
1434,28.0
1435,9.0
1436,4.0
1437,17.0
1438,2.0
1439,32.0
1440,25.0
1441,4.0
1442,26.0
1443,1.0
1444,96.0
1445,4.0
1446,71.0
1447,12.0
1448,10.0
1449,7.0
1450,3.0
1451,11.0
1452,6.0
1453,3.0
1454,106.0
1455,13.0
1456,54.0
1457,8.0
1458,3.0
1459,29.0
1460,8.0
1461,10.0
1462,115.0
1463,19.0
1464,1.0
1465,3.0
1466,1.0
1467,8.0
1468,37.0
1469,7.0
1470,6.0
1471,7.0
1472,58.0
1473,3.0
1474,7.0
1475,2.0
1476,85.0
1477,1.0
1478,107.0
1479,2.0
1480,54.0
1481,4.0
1482,2.0
1483,1.0
1484,8.0
1485,1.0
1486,15.0
1487,3.0
1488,11.0
1489,69.0
1490,2.0
1491,1.0
1492,12.0
1493,15.0
1494,3.0
1495,4.0
1496,12.0
1497,42.0
1498,9.0
1499,75.0
1500,15.0
1501,1.0
1502,17.0
1503,3.0
1504,1.0
1505,18.0
1506,2.0
1507,15.0
1508,8.0
1509,8.0
1510,3.0
1511,6.0
1512,7.0
1513,5.0
1514,6.0
1515,23.0
1516,1.0
1517,1.0
1518,4.0
1519,24.0
1520,6.0
1521,1.0
1522,2.0
1523,45.0
1524,46.0
1525,10.0
1526,3.0
1527,82.0
1528,31.0
1529,3.0
1530,26.0
1531,7.0
1532,2.0
1533,30.0
1534,5.0
1535,1.0
1536,15.0
1537,29.0
1538,22.0
1539,22.0
1540,86.0
1541,16.0
1542,1.0
1543,18.0
1544,3.0
1545,1.0
1546,1.0
1547,34.0
1548,7.0
1549,6.0
1550,2.0
1551,26.0
1552,4.0
1553,2.0
1554,1.0
1555,11.0
1556,9.0
1557,13.0
1558,2.0
1559,4.0
1560,16.0
1561,3.0
1562,18.0
1563,9.0
1564,10.0
1565,55.0
1566,12.0
1567,8.0
1568,1.0
1569,60.0
1570,13.0
1571,1.0
1572,24.0
1573,2.0
1574,4.0
1575,3.0
1576,6.0
1577,5.0
1578,6.0
1579,91.0
1580,5.0
1581,3.0
1582,18.0
1583,22.0
1584,4.0
1585,17.0
1586,12.0
1587,5.0
1588,2.0
1589,5.0
1590,23.0
1591,37.0
1592,10.0
1593,11.0
1594,10.0
1595,7.0
1596,6.0
1597,31.0
1598,12.0
1599,4.0
1600,19.0
1601,6.0
1602,1.0
1603,6.0
1604,5.0
1605,14.0
1606,13.0
1607,20.0
1608,3.0
1609,7.0
1610,12.0
1611,12.0
1612,5.0
1613,5.0
1614,14.0
1615,1.0
1616,13.0
1617,3.0
1618,16.0
1619,59.0
1620,7.0
1621,11.0
1622,15.0
1623,21.0
1624,3.0
1625,7.0
1626,14.0
1627,9.0
1628,8.0
1629,21.0
1630,5.0
1631,23.0
1632,25.0
1633,22.0
1634,15.0
1635,6.0
1636,18.0
1637,99.0
1638,6.0
1639,16.0
1640,26.0
1641,27.0
1642,1.0
1643,3.0
1644,7.0
1645,81.0
1646,4.0
1647,10.0
1648,8.0
1649,4.0
1650,25.0
1651,15.0
1652,34.0
1653,3.0
1654,3.0
1655,4.0
1656,7.0
1657,6.0
1658,16.0
1659,23.0
1660,3.0
1661,6.0
1662,29.0
1663,2.0
1664,12.0
1665,12.0
1666,4.0
1667,12.0
1668,11.0
1669,7.0
1670,3.0
1671,1.0
1672,19.0
1673,13.0
1674,1.0
1675,5.0
1676,23.0
1677,24.0
1678,34.0
1679,17.0
1680,64.0
1681,7.0
1682,2.0
1683,5.0
1684,6.0
1685,81.0
1686,1.0
1687,7.0
1688,5.0
1689,11.0
1690,30.0
1691,6.0
1692,11.0
1693,10.0
1694,52.0
1695,13.0
1696,65.0
1697,6.0
1698,2.0
1699,3.0
1700,23.0
1701,19.0
1702,4.0
1703,109.0
1704,44.0
1705,2.0
1706,38.0
1707,6.0
1708,13.0
1709,24.0
1710,19.0
1711,4.0
1712,33.0
1713,5.0
1714,16.0
1715,9.0
1716,9.0
1717,3.0
1718,12.0
1719,1.0
1720,10.0
1721,126.0
1722,5.0
1723,50.0
1724,23.0
1725,2.0
1726,11.0
1727,5.0
1728,16.0
1729,7.0
1730,3.0
1731,5.0
1732,26.0
1733,15.0
1734,3.0
1735,1.0
1736,8.0
1737,7.0
1738,4.0
1739,3.0
1740,33.0
1741,2.0
1742,12.0
1743,33.0
1744,36.0
1745,5.0
1746,3.0
1747,11.0
1748,17.0
1749,11.0
1750,28.0
1751,10.0
1752,12.0
1753,1.0
1754,11.0
1755,50.0
1756,1.0
1757,3.0
1758,24.0
1759,97.0
1760,15.0
1761,2.0
1762,21.0
1763,30.0
1764,3.0
1765,5.0
1766,5.0
1767,12.0
1768,14.0
1769,18.0
1770,13.0
1771,5.0
1772,26.0
1773,13.0
1774,1.0
1775,18.0
1776,3.0
1777,4.0
1778,1.0
1779,10.0
1780,24.0
1781,4.0
1782,4.0
1783,3.0
1784,4.0
1785,7.0
1786,5.0
1787,7.0
1788,40.0
1789,4.0
1790,74.0
1791,3.0
1792,13.0
1793,46.0
1794,13.0
1795,4.0
1796,2.0
1797,3.0
1798,7.0
1799,8.0
1800,2.0
1801,2.0
1802,3.0
1803,51.0
1804,13.0
1805,5.0
1806,28.0
1807,6.0
1808,2.0
1809,1.0
1810,5.0
1811,11.0
1812,2.0
1813,1.0
1814,1.0
1815,1.0
1816,1.0
1817,1.0
1818,1.0
1819,15.0
1820,109.0
1821,30.0
1822,2.0
1823,3.0
1824,7.0
1825,15.0
1826,17.0
1827,1.0
1828,125.0
1829,2.0
1830,23.0
1831,17.0
1832,5.0
1833,6.0
1834,1.0
1835,3.0
1836,22.0
1837,13.0
1838,3.0
1839,13.0
1840,55.0
1841,4.0
1842,5.0
1843,30.0
1844,63.0
1845,1.0
1846,12.0
1847,8.0
1848,19.0
1849,2.0
1850,4.0
1851,5.0
1852,18.0
1853,7.0
1854,3.0
1855,2.0
1856,6.0
1857,11.0
1858,1.0
1859,1.0
1860,11.0
1861,4.0
1862,3.0
1863,80.0
1864,6.0
1865,2.0
1866,18.0
1867,16.0
1868,29.0
1869,7.0
1870,9.0
1871,17.0
1872,7.0
1873,5.0
1874,1.0
1875,2.0
1876,56.0
1877,6.0
1878,4.0
1879,20.0
1880,47.0
1881,3.0
1882,3.0
1883,18.0
1884,4.0
1885,49.0
1886,16.0
1887,13.0
1888,4.0
1889,12.0
1890,6.0
1891,6.0
1892,4.0
1893,6.0
1894,2.0
1895,2.0
1896,4.0
1897,11.0
1898,29.0
1899,2.0
1900,24.0
1901,1.0
1902,10.0
1903,97.0
1904,14.0
1905,2.0
1906,1.0
1907,65.0
1908,2.0
1909,2.0
1910,10.0
1911,33.0
1912,23.0
1913,17.0
1914,6.0
1915,2.0
1916,1.0
1917,4.0
1918,19.0
1919,3.0
1920,45.0
1921,2.0
1922,2.0
1923,2.0
1924,3.0
1925,12.0
1926,3.0
1927,2.0
1928,17.0
1929,1.0
1930,1.0
1931,6.0
1932,7.0
1933,4.0
1934,16.0
1935,8.0
1936,2.0
1937,9.0
1938,21.0
1939,12.0
1940,7.0
1941,9.0
1942,4.0
1943,12.0
1944,3.0
1945,7.0
1946,2.0
1947,47.0
1948,2.0
1949,2.0
1950,6.0
1951,3.0
1952,5.0
1953,39.0
1954,2.0
1955,13.0
1956,11.0
1957,4.0
1958,2.0
1959,53.0
1960,1.0
1961,13.0
1962,26.0
1963,27.0
1964,4.0
1965,31.0
1966,77.0
1967,3.0
1968,20.0
1969,36.0
1970,1.0
1971,1.0
1972,3.0
1973,10.0
1974,4.0
1975,22.0
1976,1.0
1977,15.0
1978,1.0
1979,9.0
1980,7.0
1981,6.0
1982,13.0
1983,3.0
1984,4.0
1985,1.0
1986,2.0
1987,6.0
1988,11.0
1989,6.0
1990,8.0
1991,11.0
1992,2.0
1993,4.0
1994,1.0
1995,6.0
1996,8.0
1997,10.0
1998,49.0
1999,3.0
2000,6.0
2001,5.0
2002,18.0
2003,3.0
2004,1.0
2005,2.0
2006,2.0
2007,2.0
2008,4.0
2009,8.0
2010,2.0
2011,116.0
2012,5.0
2013,38.0
2014,20.0
2015,12.0
2016,58.0
2017,13.0
2018,3.0
2019,5.0
2020,15.0
2021,69.0
2022,2.0
2023,2.0
2024,3.0
2025,100.0
2026,85.0
2027,2.0
2028,4.0
2029,2.0
2030,1.0
2031,2.0
2032,3.0
2033,1.0
2034,5.0
2035,2.0
2036,2.0
2037,1.0
2038,7.0
2039,1.0
2040,43.0
2041,4.0
2042,2.0
2043,1.0
2044,1.0
2045,1.0
2046,1.0
2047,1.0
2048,1.0
2049,1.0
2050,1.0
2051,1.0
2052,1.0
2053,1.0
2054,1.0
2055,1.0
2056,1.0
2057,1.0
2058,1.0
2059,1.0
2060,2.0
2061,4.0
2062,4.0
2063,1.0
2064,5.0
2065,3.0
2066,5.0
2067,9.0
2068,3.0
2069,32.0
2070,23.0
2071,3.0
2072,27.0
2073,11.0
2074,9.0
2075,18.0
2076,3.0
2077,2.0
2078,95.0
2079,9.0
2080,9.0
2081,58.0
2082,46.0
2083,4.0
2084,27.0
2085,33.0
2086,46.0
2087,8.0
2088,2.0
2089,1.0
2090,3.0
2091,3.0
2092,4.0
2093,2.0
2094,26.0
2095,3.0
2096,9.0
2097,1.0
2098,1.0
2099,1.0
2100,1.0
2101,3.0
2102,1.0
2103,1.0
2104,1.0
2105,6.0
2106,1.0
2107,1.0
2108,5.0
2109,1.0
2110,1.0
2111,3.0
2112,1.0
2113,1.0
2114,25.0
2115,2.0
2116,3.0
2117,15.0
2118,4.0
2119,15.0
2120,4.0
2121,1.0
2122,4.0
2123,9.0
2124,4.0
2125,4.0
2126,70.0
2127,1.0
2128,2.0
2129,17.0
2130,1.0
2131,1.0
2132,1.0
2133,3.0
2134,3.0
2135,12.0
2136,3.0
2137,3.0
2138,1.0
2139,3.0
2140,2.0
2141,18.0
2142,9.0
2143,3.0
2144,36.0
2145,1.0
2146,9.0
2147,5.0
2148,4.0
2149,5.0
2150,5.0
2151,14.0
2152,8.0
2153,39.0
2154,30.0
2155,1.0
2156,2.0
2157,3.0
2158,4.0
2159,15.0
2160,2.0
2161,3.0
2162,3.0
2163,20.0
2164,2.0
2165,48.0
2166,18.0
2167,6.0
2168,5.0
2169,21.0
2170,1.0
2171,2.0
2172,1.0
2173,4.0
2174,2.0
2175,2.0
2176,1.0
2177,4.0
2178,110.0
2179,5.0
2180,23.0
2181,2.0
2182,81.0
2183,24.0
2184,16.0
2185,16.0
2186,1.0
2187,17.0
2188,15.0
2189,2.0
2190,2.0
2191,8.0
2192,2.0
2193,1.0
2194,9.0
2195,58.0
2196,4.0
2197,8.0
2198,5.0
2199,1.0
2200,5.0
2201,23.0
2202,109.0
2203,17.0
2204,9.0
2205,10.0
2206,69.0
2207,102.0
2208,22.0
2209,3.0
2210,37.0
2211,16.0
2212,7.0
2213,44.0
2214,22.0
2215,2.0
2216,11.0
2217,5.0
2218,3.0
2219,6.0
2220,1.0
2221,1.0
2222,1.0
2223,6.0
2224,5.0
2225,74.0
2226,2.0
2227,2.0
2228,28.0
2229,7.0
2230,2.0
2231,13.0
2232,14.0
2233,1.0
2234,1.0
2235,1.0
2236,1.0
2237,1.0
2238,1.0
2239,1.0
2240,4.0
2241,5.0
2242,43.0
2243,3.0
2244,4.0
2245,13.0
2246,4.0
2247,4.0
2248,19.0
2249,1.0
2250,126.0
2251,1.0
2252,12.0
2253,3.0
2254,2.0
2255,19.0
2256,4.0
2257,19.0
2258,4.0
2259,57.0
2260,1.0
2261,12.0
2262,4.0
2263,3.0
2264,12.0
2265,2.0
2266,2.0
2267,14.0
2268,4.0
2269,4.0
2270,6.0
2271,2.0
2272,35.0
2273,6.0
2274,10.0
2275,2.0
2276,4.0
2277,26.0
2278,1.0
2279,24.0
2280,11.0
2281,25.0
2282,11.0
2283,2.0
2284,8.0
2285,1.0
2286,2.0
2287,16.0
2288,23.0
2289,8.0
2290,4.0
2291,14.0
2292,3.0
2293,2.0
2294,77.0
2295,1.0
2296,1.0
2297,5.0
2298,5.0
2299,4.0
2300,3.0
2301,12.0
2302,69.0
2303,2.0
2304,11.0
2305,6.0
2306,5.0
2307,2.0
2308,11.0
2309,7.0
2310,11.0
2311,3.0
2312,1.0
2313,10.0
2314,2.0
2315,22.0
2316,6.0
2317,98.0
2318,1.0
2319,1.0
2320,43.0
2321,11.0
2322,1.0
2323,1.0
2324,1.0
2325,1.0
2326,1.0
2327,1.0
2328,11.0
2329,2.0
2330,3.0
2331,72.0
2332,8.0
2333,5.0
2334,2.0
2335,2.0
2336,61.0
2337,4.0
2338,3.0
2339,2.0
2340,4.0
2341,8.0
2342,16.0
2343,17.0
2344,2.0
2345,9.0
2346,4.0
2347,1.0
2348,7.0
2349,12.0
2350,2.0
2351,21.0
2352,1.0
2353,22.0
2354,9.0
2355,3.0
2356,36.0
2357,68.0
2358,4.0
2359,14.0
2360,5.0
2361,126.0
2362,104.0
2363,4.0
2364,1.0
2365,13.0
2366,12.0
2367,2.0
2368,3.0
2369,2.0
2370,14.0
2371,10.0
2372,2.0
2373,31.0
2374,10.0
2375,136.0
2376,1.0
2377,2.0
2378,1.0
2379,1.0
2380,2.0
2381,3.0
2382,8.0
2383,13.0
2384,35.0
2385,1.0
2386,9.0
2387,44.0
2388,16.0
2389,4.0
2390,2.0
2391,19.0
2392,39.0
2393,7.0
2394,2.0
2395,9.0
2396,2.0
2397,4.0
2398,5.0
2399,123.0
2400,2.0
2401,14.0
2402,16.0
2403,86.0
2404,26.0
2405,2.0
2406,44.0
2407,20.0
2408,1.0
2409,8.0
2410,1.0
2411,3.0
2412,3.0
2413,4.0
2414,33.0
2415,1.0
2416,36.0
2417,35.0
2418,11.0
2419,29.0
2420,1.0
2421,8.0
2422,1.0
2423,5.0
2424,66.0
2425,8.0
2426,1.0
2427,113.0
2428,4.0
2429,10.0
2430,5.0
2431,40.0
2432,94.0
2433,3.0
2434,19.0
2435,63.0
2436,5.0
2437,4.0
2438,5.0
2439,1.0
2440,2.0
2441,87.0
2442,1.0
2443,9.0
2444,2.0
2445,61.0
2446,20.0
2447,64.0
2448,3.0
2449,2.0
2450,2.0
2451,10.0
2452,59.0
2453,8.0
2454,4.0
2455,1.0
2456,5.0
2457,13.0
2458,1.0
2459,9.0
2460,10.0
2461,4.0
2462,3.0
2463,15.0
2464,6.0
2465,5.0
2466,9.0
2467,4.0
2468,2.0
2469,1.0
2470,22.0
2471,2.0
2472,43.0
2473,8.0
2474,3.0
2475,11.0
2476,21.0
2477,6.0
2478,7.0
2479,25.0
2480,3.0
2481,3.0
2482,2.0
2483,6.0
2484,8.0
2485,6.0
2486,3.0
2487,3.0
2488,1.0
2489,64.0
2490,12.0
2491,5.0
2492,1.0
2493,2.0
2494,5.0
2495,36.0
2496,3.0
2497,9.0
2498,5.0
2499,5.0
2500,6.0
2501,16.0
2502,6.0
2503,4.0
2504,3.0
2505,3.0
2506,11.0
2507,2.0
2508,3.0
2509,32.0
2510,4.0
2511,3.0
2512,4.0
2513,27.0
2514,2.0
2515,9.0
2516,2.0
2517,116.0
2518,10.0
2519,53.0
2520,7.0
2521,13.0
2522,42.0
2523,56.0
2524,4.0
2525,3.0
2526,3.0
2527,11.0
2528,7.0
2529,52.0
2530,3.0
2531,1.0
2532,6.0
2533,115.0
2534,90.0
2535,19.0
2536,20.0
2537,125.0
2538,45.0
2539,1.0
2540,2.0
2541,22.0
2542,127.0
2543,9.0
2544,71.0
2545,3.0
2546,11.0
2547,3.0
2548,5.0
2549,1.0
2550,15.0
2551,4.0
2552,28.0
2553,3.0
2554,16.0
2555,2.0
2556,6.0
2557,9.0
2558,13.0
2559,4.0
2560,2.0
2561,43.0
2562,4.0
2563,19.0
2564,6.0
2565,2.0
2566,6.0
2567,38.0
2568,55.0
2569,1.0
2570,10.0
2571,1.0
2572,1.0
2573,1.0
2574,5.0
2575,2.0
2576,4.0
2577,1.0
2578,4.0
2579,6.0
2580,4.0
2581,1.0
2582,7.0
2583,3.0
2584,92.0
2585,37.0
2586,103.0
2587,6.0
2588,7.0
2589,6.0
2590,25.0
2591,5.0
2592,1.0
2593,3.0
2594,105.0
2595,10.0
2596,5.0
2597,8.0
2598,15.0
2599,2.0
2600,12.0
2601,4.0
2602,9.0
2603,2.0
2604,5.0
2605,2.0
2606,4.0
2607,11.0
2608,8.0
2609,4.0
2610,5.0
2611,6.0
2612,3.0
2613,10.0
2614,1.0
2615,2.0
2616,19.0
2617,2.0
2618,5.0
2619,1.0
2620,3.0
2621,1.0
2622,13.0
2623,47.0
2624,28.0
2625,6.0
2626,6.0
2627,124.0
2628,105.0
2629,7.0
2630,6.0
2631,1.0
2632,2.0
2633,3.0
2634,118.0
2635,12.0
2636,108.0
2637,8.0
2638,23.0
2639,6.0
2640,2.0
2641,4.0
2642,28.0
2643,6.0
2644,25.0
2645,4.0
2646,1.0
2647,8.0
2648,12.0
2649,3.0
2650,10.0
2651,6.0
2652,9.0
2653,50.0
2654,2.0
2655,1.0
2656,4.0
2657,7.0
2658,59.0
2659,10.0
2660,1.0
2661,1.0
2662,3.0
2663,121.0
2664,24.0
2665,3.0
2666,2.0
2667,2.0
2668,3.0
2669,1.0
2670,17.0
2671,1.0
2672,1.0
2673,2.0
2674,1.0
2675,11.0
2676,18.0
2677,2.0
2678,4.0
2679,2.0
2680,5.0
2681,2.0
2682,40.0
2683,29.0
2684,21.0
2685,2.0
2686,2.0
2687,8.0
2688,2.0
2689,3.0
2690,4.0
2691,12.0
2692,1.0
2693,2.0
2694,4.0
2695,4.0
2696,47.0
2697,15.0
2698,7.0
2699,17.0
2700,12.0
2701,7.0
2702,4.0
2703,7.0
2704,4.0
2705,17.0
2706,4.0
2707,4.0
2708,3.0
2709,8.0
2710,11.0
2711,5.0
2712,8.0
2713,2.0
2714,1.0
2715,8.0
2716,4.0
2717,1.0
2718,39.0
2719,20.0
2720,12.0
2721,7.0
2722,2.0
2723,26.0
2724,13.0
2725,109.0
2726,1.0
2727,1.0
2728,1.0
2729,2.0
2730,20.0
2731,2.0
2732,15.0
2733,68.0
2734,24.0
2735,1.0
2736,87.0
2737,19.0
2738,2.0
2739,8.0
2740,1.0
2741,1.0
2742,1.0
2743,1.0
2744,1.0
2745,1.0
2746,1.0
2747,1.0
2748,1.0
2749,1.0
2750,1.0
2751,1.0
2752,1.0
2753,5.0
2754,44.0
2755,2.0
2756,23.0
2757,2.0
2758,5.0
2759,1.0
2760,2.0
2761,36.0
2762,1.0
2763,2.0
2764,1.0
2765,1.0
2766,3.0
2767,8.0
2768,4.0
2769,3.0
2770,3.0
2771,4.0
2772,11.0
2773,22.0
2774,25.0
2775,25.0
2776,1.0
2777,1.0
2778,3.0
2779,76.0
2780,12.0
2781,2.0
2782,9.0
2783,4.0
2784,2.0
2785,7.0
2786,5.0
2787,122.0
2788,18.0
2789,13.0
2790,3.0
2791,10.0
2792,77.0
2793,3.0
2794,1.0
2795,3.0
2796,1.0
2797,3.0
2798,14.0
2799,4.0
2800,17.0
2801,3.0
2802,43.0
2803,27.0
2804,24.0
2805,1.0
2806,9.0
2807,23.0
2808,7.0
2809,1.0
2810,72.0
2811,21.0
2812,1.0
2813,1.0
2814,5.0
2815,1.0
2816,7.0
2817,6.0
2818,3.0
2819,1.0
2820,19.0
2821,79.0
2822,3.0
2823,1.0
2824,55.0
2825,22.0
2826,5.0
2827,11.0
2828,6.0
2829,6.0
2830,3.0
2831,5.0
2832,4.0
2833,2.0
2834,3.0
2835,6.0
2836,1.0
2837,5.0
2838,3.0
2839,6.0
2840,4.0
2841,34.0
2842,5.0
2843,2.0
2844,1.0
2845,28.0
2846,2.0
2847,3.0
2848,17.0
2849,1.0
2850,7.0
2851,4.0
2852,4.0
2853,2.0
2854,98.0
2855,3.0
2856,6.0
2857,9.0
2858,2.0
2859,1.0
2860,3.0
2861,102.0
2862,4.0
2863,1.0
2864,8.0
2865,10.0
2866,1.0
2867,1.0
2868,2.0
2869,2.0
2870,4.0
2871,1.0
2872,1.0
2873,1.0
2874,1.0
2875,1.0
2876,1.0
2877,1.0
2878,1.0
2879,1.0
2880,1.0
2881,1.0
2882,2.0
2883,21.0
2884,7.0
2885,19.0
2886,19.0
2887,1.0
2888,6.0
2889,8.0
2890,2.0
2891,27.0
2892,24.0
2893,8.0
2894,2.0
2895,13.0
2896,19.0
2897,1.0
2898,89.0
2899,2.0
2900,36.0
2901,3.0
2902,19.0
2903,6.0
2904,4.0
2905,1.0
2906,5.0
2907,3.0
2908,11.0
2909,1.0
2910,3.0
2911,12.0
2912,32.0
2913,2.0
2914,15.0
2915,7.0
2916,7.0
2917,8.0
2918,7.0
2919,11.0
2920,2.0
2921,5.0
2922,4.0
2923,136.0
2924,7.0
2925,12.0
2926,3.0
2927,66.0
2928,96.0
2929,1.0
2930,4.0
2931,4.0
2932,3.0
2933,58.0
2934,102.0
2935,9.0
2936,4.0
2937,11.0
2938,3.0
2939,1.0
2940,15.0
2941,2.0
2942,2.0
2943,5.0
2944,28.0
2945,1.0
2946,37.0
2947,35.0
2948,1.0
2949,100.0
2950,9.0
2951,2.0
2952,2.0
2953,5.0
2954,1.0
2955,50.0
2956,8.0
2957,3.0
2958,57.0
2959,1.0
2960,7.0
2961,65.0
2962,37.0
2963,7.0
2964,2.0
2965,5.0
2966,2.0
2967,4.0
2968,6.0
2969,42.0
2970,15.0
2971,2.0
2972,3.0
2973,3.0
2974,8.0
2975,6.0
2976,8.0
2977,45.0
2978,4.0
2979,3.0
2980,3.0
2981,13.0
2982,7.0
2983,130.0
2984,136.0
2985,5.0
2986,9.0
2987,16.0
2988,7.0
2989,1.0
2990,1.0
2991,4.0
2992,4.0
2993,1.0
2994,1.0
2995,1.0
2996,2.0
2997,1.0
2998,3.0
2999,4.0
3000,2.0
3001,12.0
3002,10.0
3003,2.0
3004,4.0
3005,6.0
3006,2.0
3007,6.0
3008,3.0
3009,2.0
3010,4.0
3011,2.0
3012,1.0
3013,4.0
3014,3.0
3015,5.0
3016,3.0
3017,4.0
3018,6.0
3019,2.0
3020,2.0
3021,4.0
3022,5.0
3023,9.0
3024,25.0
3025,8.0
3026,5.0
3027,78.0
3028,1.0
3029,2.0
3030,3.0
3031,2.0
3032,5.0
3033,10.0
3034,1.0
3035,10.0
3036,2.0
3037,81.0
3038,10.0
3039,4.0
3040,33.0
3041,16.0
3042,13.0
3043,15.0
3044,1.0
3045,24.0
3046,2.0
3047,37.0
3048,47.0
3049,113.0
3050,1.0
3051,1.0
3052,3.0
3053,1.0
3054,8.0
3055,25.0
3056,6.0
3057,71.0
3058,13.0
3059,42.0
3060,10.0
3061,4.0
3062,3.0
3063,18.0
3064,3.0
3065,6.0
3066,6.0
3067,97.0
3068,16.0
3069,9.0
3070,15.0
3071,59.0
3072,70.0
3073,15.0
3074,7.0
3075,21.0
3076,4.0
3077,5.0
3078,4.0
3079,4.0
3080,66.0
3081,3.0
3082,9.0
3083,1.0
3084,51.0
3085,7.0
3086,1.0
3087,7.0
3088,18.0
3089,2.0
3090,1.0
3091,14.0
3092,2.0
3093,6.0
3094,13.0
3095,15.0
3096,7.0
3097,2.0
3098,13.0
3099,2.0
3100,17.0
3101,6.0
3102,3.0
3103,5.0
3104,8.0
3105,2.0
3106,7.0
3107,1.0
3108,1.0
3109,2.0
3110,2.0
3111,12.0
3112,7.0
3113,16.0
3114,1.0
3115,10.0
3116,1.0
3117,3.0
3118,6.0
3119,12.0
3120,50.0
3121,5.0
3122,10.0
3123,3.0
3124,52.0
3125,1.0
3126,33.0
3127,14.0
3128,5.0
3129,3.0
3130,2.0
3131,80.0
3132,12.0
3133,13.0
3134,28.0
3135,19.0
3136,6.0
3137,10.0
3138,2.0
3139,4.0
3140,9.0
3141,39.0
3142,72.0
3143,2.0
3144,2.0
3145,12.0
3146,1.0
3147,6.0
3148,17.0
3149,1.0
3150,2.0
3151,6.0
3152,9.0
3153,11.0
3154,35.0
3155,30.0
3156,2.0
3157,4.0
3158,21.0
3159,1.0
3160,5.0
3161,30.0
3162,1.0
3163,4.0
3164,6.0
3165,6.0
3166,8.0
3167,11.0
3168,29.0
3169,15.0
3170,41.0
3171,17.0
3172,21.0
3173,10.0
3174,1.0
3175,2.0
3176,71.0
3177,11.0
3178,1.0
3179,25.0
3180,9.0
3181,3.0
3182,4.0
3183,3.0
3184,4.0
3185,4.0
3186,2.0
3187,1.0
3188,2.0
3189,4.0
3190,2.0
3191,4.0
3192,3.0
3193,3.0
3194,3.0
3195,3.0
3196,3.0
3197,4.0
3198,3.0
3199,2.0
3200,2.0
3201,1.0
3202,2.0
3203,3.0
3204,4.0
3205,2.0
3206,5.0
3207,1.0
3208,4.0
3209,2.0
3210,1.0
3211,14.0
3212,8.0
3213,3.0
3214,4.0
3215,2.0
3216,11.0
3217,1.0
3218,4.0
3219,1.0
3220,29.0
3221,1.0
3222,14.0
3223,1.0
3224,11.0
3225,4.0
3226,19.0
3227,5.0
3228,9.0
3229,11.0
3230,83.0
3231,4.0
3232,13.0
3233,2.0
3234,10.0
3235,30.0
3236,2.0
3237,3.0
3238,6.0
3239,22.0
3240,2.0
3241,2.0
3242,10.0
3243,4.0
3244,2.0
3245,3.0
3246,55.0
3247,7.0
3248,1.0
3249,1.0
3250,94.0
3251,3.0
3252,1.0
3253,122.0
3254,112.0
3255,9.0
3256,5.0
3257,2.0
3258,1.0
3259,1.0
3260,122.0
3261,8.0
3262,1.0
3263,1.0
3264,1.0
3265,2.0
3266,3.0
3267,2.0
3268,58.0
3269,4.0
3270,6.0
3271,6.0
3272,41.0
3273,1.0
3274,4.0
3275,53.0
3276,2.0
3277,50.0
3278,34.0
3279,8.0
3280,2.0
3281,2.0
3282,7.0
3283,26.0
3284,2.0
3285,26.0
3286,10.0
3287,5.0
3288,1.0
3289,8.0
3290,4.0
3291,5.0
3292,3.0
3293,3.0
3294,90.0
3295,99.0
3296,4.0
3297,7.0
3298,24.0
3299,3.0
3300,2.0
3301,4.0
3302,5.0
3303,4.0
3304,47.0
3305,5.0
3306,41.0
3307,63.0
3308,5.0
3309,14.0
3310,1.0
3311,10.0
3312,3.0
3313,2.0
3314,16.0
3315,3.0
3316,1.0
3317,1.0
3318,19.0
3319,6.0
3320,34.0
3321,51.0
3322,7.0
3323,16.0
3324,10.0
3325,2.0
3326,2.0
3327,7.0
3328,7.0
3329,4.0
3330,1.0
3331,5.0
3332,46.0
3333,85.0
3334,1.0
3335,39.0
3336,117.0
3337,7.0
3338,7.0
3339,1.0
3340,102.0
3341,6.0
3342,4.0
3343,3.0
3344,2.0
3345,3.0
3346,1.0
3347,100.0
3348,3.0
3349,4.0
3350,34.0
3351,2.0
3352,6.0
3353,4.0
3354,3.0
3355,14.0
3356,3.0
3357,3.0
3358,3.0
3359,18.0
3360,9.0
3361,5.0
3362,3.0
3363,8.0
3364,1.0
3365,5.0
3366,12.0
3367,25.0
3368,25.0
3369,2.0
3370,1.0
3371,4.0
3372,7.0
3373,3.0
3374,45.0
3375,2.0
3376,13.0
3377,59.0
3378,19.0
3379,1.0
3380,97.0
3381,38.0
3382,40.0
3383,92.0
3384,1.0
3385,1.0
3386,2.0
3387,13.0
3388,2.0
3389,4.0
3390,3.0
3391,1.0
3392,26.0
3393,4.0
3394,23.0
3395,2.0
3396,2.0
3397,39.0
3398,3.0
3399,22.0
3400,1.0
3401,2.0
3402,17.0
3403,21.0
3404,53.0
3405,1.0
3406,105.0
3407,1.0
3408,16.0
3409,14.0
3410,3.0
3411,7.0
3412,7.0
3413,9.0
3414,8.0
3415,1.0
3416,1.0
3417,10.0
3418,4.0
3419,31.0
3420,16.0
3421,14.0
3422,3.0
3423,8.0
3424,30.0
3425,16.0
3426,3.0
3427,7.0
3428,7.0
3429,1.0
3430,14.0
3431,3.0
3432,3.0
3433,14.0
3434,24.0
3435,15.0
3436,24.0
3437,2.0
3438,116.0
3439,9.0
3440,2.0
3441,3.0
3442,12.0
3443,9.0
3444,4.0
3445,2.0
3446,6.0
3447,6.0
3448,2.0
3449,2.0
3450,3.0
3451,6.0
3452,38.0
3453,5.0
3454,1.0
3455,99.0
3456,1.0
3457,31.0
3458,5.0
3459,1.0
3460,17.0
3461,2.0
3462,2.0
3463,15.0
3464,2.0
3465,1.0
3466,4.0
3467,3.0
3468,5.0
3469,2.0
3470,2.0
3471,9.0
3472,5.0
3473,9.0
3474,4.0
3475,8.0
3476,3.0
3477,67.0
3478,5.0
3479,5.0
3480,6.0
3481,4.0
3482,4.0
3483,3.0
3484,1.0
3485,9.0
3486,7.0
3487,15.0
3488,54.0
3489,2.0
3490,5.0
3491,2.0
3492,93.0
3493,25.0
3494,4.0
3495,6.0
3496,14.0
3497,12.0
3498,16.0
3499,30.0
3500,1.0
3501,54.0
3502,26.0
3503,1.0
3504,1.0
3505,2.0
3506,1.0
3507,2.0
3508,6.0
3509,7.0
3510,8.0
3511,3.0
3512,46.0
3513,3.0
3514,60.0
3515,1.0
3516,3.0
3517,3.0
3518,26.0
3519,80.0
3520,49.0
3521,13.0
3522,1.0
3523,12.0
3524,45.0
3525,5.0
3526,54.0
3527,3.0
3528,5.0
3529,11.0
3530,7.0
3531,1.0
3532,12.0
3533,3.0
3534,76.0
3535,5.0
3536,13.0
3537,2.0
3538,4.0
3539,2.0
3540,1.0
3541,6.0
3542,2.0
3543,5.0
3544,1.0
3545,23.0
3546,38.0
3547,4.0
3548,6.0
3549,2.0
3550,3.0
3551,16.0
3552,20.0
3553,4.0
3554,1.0
3555,24.0
3556,3.0
3557,1.0
3558,55.0
3559,2.0
3560,9.0
3561,49.0
3562,1.0
3563,2.0
3564,1.0
3565,5.0
3566,5.0
3567,4.0
3568,1.0
3569,1.0
3570,33.0
3571,2.0
3572,94.0
3573,11.0
3574,9.0
3575,3.0
3576,7.0
3577,5.0
3578,20.0
3579,1.0
3580,2.0
3581,2.0
3582,5.0
3583,3.0
3584,3.0
3585,2.0
3586,2.0
3587,3.0
3588,1.0
3589,4.0
3590,4.0
3591,1.0
3592,13.0
3593,122.0
3594,11.0
3595,3.0
3596,3.0
3597,2.0
3598,5.0
3599,18.0
3600,3.0
3601,3.0
3602,1.0
3603,25.0
3604,1.0
3605,5.0
3606,7.0
3607,42.0
3608,75.0
3609,2.0
3610,2.0
3611,4.0
3612,104.0
3613,8.0
3614,7.0
3615,1.0
3616,1.0
3617,4.0
3618,1.0
3619,5.0
3620,6.0
3621,10.0
3622,6.0
3623,23.0
3624,1.0
3625,1.0
3626,4.0
3627,2.0
3628,6.0
3629,2.0
3630,1.0
3631,2.0
3632,1.0
3633,2.0
3634,21.0
3635,14.0
3636,85.0
3637,3.0
3638,2.0
3639,2.0
3640,2.0
3641,5.0
3642,27.0
3643,12.0
3644,1.0
3645,17.0
3646,6.0
3647,1.0
3648,6.0
3649,1.0
3650,7.0
3651,4.0
3652,6.0
3653,14.0
3654,1.0
3655,64.0
3656,4.0
3657,1.0
3658,4.0
3659,11.0
3660,4.0
3661,1.0
3662,8.0
3663,2.0
3664,31.0
3665,10.0
3666,16.0
3667,39.0
3668,19.0
3669,15.0
3670,1.0
3671,4.0
3672,83.0
3673,5.0
3674,2.0
3675,20.0
3676,8.0
3677,3.0
3678,5.0
3679,2.0
3680,1.0
3681,25.0
3682,21.0
3683,3.0
3684,6.0
3685,1.0
3686,24.0
3687,8.0
3688,108.0
3689,46.0
3690,2.0
3691,3.0
3692,4.0
3693,1.0
3694,58.0
3695,3.0
3696,2.0
3697,5.0
3698,14.0
3699,4.0
3700,1.0
3701,8.0
3702,1.0
3703,2.0
3704,3.0
3705,73.0
3706,1.0
3707,32.0
3708,1.0
3709,1.0
3710,7.0
3711,1.0
3712,4.0
3713,2.0
3714,2.0
3715,2.0
3716,14.0
3717,3.0
3718,9.0
3719,5.0
3720,30.0
3721,4.0
3722,5.0
3723,2.0
3724,7.0
3725,19.0
3726,5.0
3727,5.0
3728,12.0
3729,42.0
3730,4.0
3731,1.0
3732,91.0
3733,4.0
3734,7.0
3735,1.0
3736,24.0
3737,7.0
3738,1.0
3739,1.0
3740,2.0
3741,12.0
3742,5.0
3743,22.0
3744,27.0
3745,2.0
3746,4.0
3747,6.0
3748,11.0
3749,1.0
3750,17.0
3751,2.0
3752,5.0
3753,58.0
3754,31.0
3755,13.0
3756,50.0
3757,4.0
3758,1.0
3759,5.0
3760,37.0
3761,1.0
3762,2.0
3763,2.0
3764,65.0
3765,3.0
3766,2.0
3767,2.0
3768,4.0
3769,1.0
3770,19.0
3771,2.0
3772,8.0
3773,5.0
3774,23.0
3775,3.0
3776,4.0
3777,45.0
3778,9.0
3779,1.0
3780,5.0
3781,59.0
3782,2.0
3783,8.0
3784,6.0
3785,6.0
3786,1.0
3787,114.0
3788,19.0
3789,6.0
3790,8.0
3791,92.0
3792,3.0
3793,3.0
3794,2.0
3795,7.0
3796,4.0
3797,1.0
3798,4.0
3799,1.0
3800,2.0
3801,40.0
3802,3.0
3803,5.0
3804,10.0
3805,1.0
3806,1.0
3807,15.0
3808,6.0
3809,3.0
3810,4.0
3811,10.0
3812,27.0
3813,7.0
3814,2.0
3815,4.0
3816,4.0
3817,15.0
3818,3.0
3819,7.0
3820,1.0
3821,2.0
3822,10.0
3823,15.0
3824,2.0
3825,3.0
3826,3.0
3827,2.0
3828,21.0
3829,17.0
3830,3.0
3831,12.0
3832,2.0
3833,37.0
3834,1.0
3835,30.0
3836,90.0
3837,1.0
3838,6.0
3839,3.0
3840,3.0
3841,80.0
3842,8.0
3843,6.0
3844,10.0
3845,2.0
3846,1.0
3847,4.0
3848,1.0
3849,8.0
3850,31.0
3851,2.0
3852,1.0
3853,4.0
3854,1.0
3855,1.0
3856,2.0
3857,2.0
3858,1.0
3859,11.0
3860,3.0
3861,13.0
3862,4.0
3863,6.0
3864,3.0
3865,2.0
3866,15.0
3867,5.0
3868,49.0
3869,5.0
3870,21.0
3871,1.0
3872,2.0
3873,9.0
3874,3.0
3875,2.0
3876,2.0
3877,35.0
3878,116.0
3879,4.0
3880,1.0
3881,1.0
3882,8.0
3883,7.0
3884,2.0
3885,11.0
3886,4.0
3887,29.0
3888,15.0
3889,1.0
3890,7.0
3891,3.0
3892,6.0
3893,4.0
3894,12.0
3895,14.0
3896,3.0
3897,6.0
3898,4.0
3899,11.0
3900,4.0
3901,7.0
3902,33.0
3903,4.0
3904,3.0
3905,31.0
3906,55.0
3907,1.0
3908,1.0
3909,11.0
3910,1.0
3911,4.0
3912,3.0
3913,3.0
3914,6.0
3915,2.0
3916,21.0
3917,6.0
3918,8.0
3919,18.0
3920,1.0
3921,5.0
3922,1.0
3923,3.0
3924,26.0
3925,9.0
3926,11.0
3927,1.0
3928,35.0
3929,7.0
3930,7.0
3931,14.0
3932,2.0
3933,1.0
3934,3.0
3935,2.0
3936,3.0
3937,45.0
3938,10.0
3939,3.0
3940,2.0
3941,8.0
3942,2.0
3943,2.0
3944,14.0
3945,2.0
3946,16.0
3947,2.0
3948,2.0
3949,15.0
3950,1.0
3951,2.0
3952,124.0
3953,2.0
3954,29.0
3955,4.0
3956,58.0
3957,5.0
3958,10.0
3959,3.0
3960,20.0
3961,12.0
3962,2.0
3963,2.0
3964,22.0
3965,120.0
3966,1.0
3967,2.0
3968,1.0
3969,3.0
3970,7.0
3971,78.0
3972,1.0
3973,1.0
3974,1.0
3975,1.0
3976,1.0
3977,1.0
3978,1.0
3979,1.0
3980,1.0
3981,1.0
3982,1.0
3983,1.0
3984,1.0
3985,1.0
3986,1.0
3987,1.0
3988,1.0
3989,1.0
3990,1.0
3991,1.0
3992,1.0
3993,1.0
3994,1.0
3995,1.0
3996,1.0
3997,1.0
3998,1.0
3999,1.0
4000,1.0
4001,1.0
4002,1.0
4003,1.0
4004,1.0
4005,1.0
4006,1.0
4007,1.0
4008,1.0
4009,1.0
4010,1.0
4011,1.0
4012,1.0
4013,1.0
4014,1.0
4015,1.0
4016,1.0
4017,22.0
4018,1.0
4019,101.0
4020,1.0
4021,1.0
4022,1.0
4023,1.0
4024,1.0
4025,1.0
4026,1.0
4027,1.0
4028,1.0
4029,1.0
4030,1.0
4031,1.0
4032,1.0
4033,1.0
4034,1.0
4035,1.0
4036,1.0
4037,1.0
4038,1.0
4039,1.0
4040,1.0
4041,1.0
4042,1.0
4043,1.0
4044,1.0
4045,1.0
4046,1.0
4047,1.0
4048,1.0
4049,1.0
4050,1.0
4051,1.0
4052,1.0
4053,1.0
4054,1.0
4055,1.0
4056,1.0
4057,9.0
4058,96.0
4059,2.0
4060,1.0
4061,1.0
4062,3.0
4063,3.0
4064,2.0
4065,1.0
4066,2.0
4067,14.0
4068,6.0
4069,22.0
4070,3.0
4071,1.0
4072,9.0
4073,1.0
4074,39.0
4075,3.0
4076,2.0
4077,1.0
4078,3.0
4079,1.0
4080,31.0
4081,5.0
4082,9.0
4083,5.0
4084,3.0
4085,3.0
4086,35.0
4087,5.0
4088,8.0
4089,2.0
4090,2.0
4091,3.0
4092,3.0
4093,3.0
4094,2.0
4095,15.0
4096,8.0
4097,1.0
4098,5.0
4099,5.0
4100,5.0
4101,6.0
4102,2.0
4103,9.0
4104,105.0
4105,2.0
4106,5.0
4107,10.0
4108,58.0
4109,1.0
4110,13.0
4111,4.0
4112,33.0
4113,2.0
4114,36.0
4115,3.0
4116,13.0
4117,14.0
4118,4.0
4119,4.0
4120,15.0
4121,10.0
4122,17.0
4123,16.0
4124,4.0
4125,4.0
4126,15.0
4127,25.0
4128,28.0
4129,1.0
4130,2.0
4131,9.0
4132,1.0
4133,9.0
4134,28.0
4135,5.0
4136,7.0
4137,2.0
4138,42.0
4139,10.0
4140,13.0
4141,69.0
4142,4.0
4143,2.0
4144,3.0
4145,15.0
4146,4.0
4147,4.0
4148,8.0
4149,2.0
4150,2.0
4151,1.0
4152,1.0
4153,2.0
4154,42.0
4155,1.0
4156,2.0
4157,2.0
4158,4.0
4159,3.0
4160,13.0
4161,8.0
4162,42.0
4163,2.0
4164,4.0
4165,2.0
4166,14.0
4167,1.0
4168,19.0
4169,2.0
4170,7.0
4171,2.0
4172,12.0
4173,5.0
4174,2.0
4175,1.0
4176,3.0
4177,7.0
4178,4.0
4179,19.0
4180,6.0
4181,26.0
4182,14.0
4183,12.0
4184,38.0
4185,6.0
4186,4.0
4187,2.0
4188,7.0
4189,33.0
4190,12.0
4191,4.0
4192,2.0
4193,8.0
4194,21.0
4195,2.0
4196,1.0
4197,5.0
4198,120.0
4199,12.0
4200,47.0
4201,2.0
4202,14.0
4203,2.0
4204,2.0
4205,1.0
4206,1.0
4207,7.0
4208,9.0
4209,1.0
4210,4.0
4211,31.0
4212,5.0
4213,7.0
4214,6.0
4215,8.0
4216,1.0
4217,1.0
4218,1.0
4219,2.0
4220,2.0
4221,1.0
4222,2.0
4223,2.0
4224,17.0
4225,5.0
4226,108.0
4227,5.0
4228,2.0
4229,45.0
4230,3.0
4231,2.0
4232,6.0
4233,1.0
4234,3.0
4235,4.0
4236,1.0
4237,26.0
4238,27.0
4239,2.0
4240,2.0
4241,42.0
4242,2.0
4243,4.0
4244,2.0
4245,13.0
4246,1.0
4247,5.0
4248,2.0
4249,2.0
4250,1.0
4251,24.0
4252,8.0
4253,8.0
4254,11.0
4255,26.0
4256,1.0
4257,9.0
4258,8.0
4259,5.0
4260,5.0
4261,3.0
4262,3.0
4263,2.0
4264,1.0
4265,5.0
4266,14.0
4267,11.0
4268,6.0
4269,9.0
4270,1.0
4271,31.0
4272,2.0
4273,85.0
4274,1.0
4275,3.0
4276,3.0
4277,1.0
4278,1.0
4279,19.0
4280,24.0
4281,1.0
4282,3.0
4283,1.0
4284,5.0
4285,41.0
4286,4.0
4287,1.0
4288,1.0
4289,48.0
4290,4.0
4291,8.0
4292,1.0
4293,5.0
4294,3.0
4295,1.0
4296,3.0
4297,88.0
4298,20.0
4299,2.0
4300,13.0
4301,4.0
4302,1.0
4303,8.0
4304,3.0
4305,3.0
4306,5.0
4307,82.0
4308,1.0
4309,11.0
4310,5.0
4311,1.0
4312,1.0
4313,3.0
4314,5.0
4315,24.0
4316,6.0
4317,28.0
4318,18.0
4319,1.0
4320,8.0
4321,13.0
4322,4.0
4323,79.0
4324,19.0
4325,2.0
4326,2.0
4327,54.0
4328,6.0
4329,5.0
4330,6.0
4331,1.0
4332,6.0
4333,30.0
4334,2.0
4335,4.0
4336,5.0
4337,5.0
4338,4.0
4339,2.0
4340,3.0
4341,2.0
4342,8.0
4343,3.0
4344,27.0
4345,2.0
4346,43.0
4347,26.0
4348,3.0
4349,1.0
4350,33.0
4351,5.0
4352,2.0
4353,3.0
4354,28.0
4355,31.0
4356,4.0
4357,16.0
4358,7.0
4359,84.0
4360,6.0
4361,2.0
4362,47.0
4363,12.0
4364,1.0
4365,21.0
4366,2.0
4367,1.0
4368,30.0
4369,4.0
4370,32.0
4371,12.0
4372,11.0
4373,87.0
4374,3.0
4375,5.0
4376,35.0
4377,21.0
4378,1.0
4379,2.0
4380,51.0
4381,1.0
4382,15.0
4383,8.0
4384,3.0
4385,36.0
4386,15.0
4387,5.0
4388,28.0
4389,7.0
4390,61.0
4391,34.0
4392,8.0
4393,67.0
4394,21.0
4395,23.0
4396,2.0
4397,1.0
4398,15.0
4399,1.0
4400,6.0
4401,5.0
4402,13.0
4403,2.0
4404,7.0
4405,6.0
4406,2.0
4407,16.0
4408,3.0
4409,18.0
4410,23.0
4411,1.0
4412,33.0
4413,4.0
4414,1.0
4415,3.0
4416,2.0
4417,3.0
4418,3.0
4419,26.0
4420,76.0
4421,4.0
4422,8.0
4423,107.0
4424,12.0
4425,45.0
4426,16.0
4427,6.0
4428,3.0
4429,4.0
4430,16.0
4431,3.0
4432,3.0
4433,1.0
4434,5.0
4435,45.0
4436,12.0
4437,49.0
4438,39.0
4439,2.0
4440,2.0
4441,6.0
4442,40.0
4443,9.0
4444,18.0
4445,1.0
4446,2.0
4447,43.0
4448,11.0
4449,11.0
4450,2.0
4451,5.0
4452,15.0
4453,1.0
4454,2.0
4455,3.0
4456,9.0
4457,8.0
4458,3.0
4459,2.0
4460,3.0
4461,9.0
4462,3.0
4463,4.0
4464,72.0
4465,11.0
4466,3.0
4467,7.0
4468,7.0
4469,1.0
4470,4.0
4471,2.0
4472,45.0
4473,14.0
4474,6.0
4475,54.0
4476,81.0
4477,120.0
4478,2.0
4479,13.0
4480,7.0
4481,5.0
4482,9.0
4483,8.0
4484,4.0
4485,37.0
4486,12.0
4487,4.0
4488,20.0
4489,2.0
4490,3.0
4491,13.0
4492,27.0
4493,5.0
4494,18.0
4495,2.0
4496,15.0
4497,17.0
4498,1.0
4499,11.0
4500,7.0
4501,10.0
4502,4.0
4503,9.0
4504,7.0
4505,2.0
4506,1.0
4507,2.0
4508,1.0
4509,3.0
4510,2.0
4511,3.0
4512,2.0
4513,4.0
4514,3.0
4515,2.0
4516,5.0
4517,22.0
4518,15.0
4519,14.0
4520,9.0
4521,18.0
4522,1.0
4523,4.0
4524,4.0
4525,14.0
4526,6.0
4527,50.0
4528,3.0
4529,37.0
4530,3.0
4531,1.0
4532,6.0
4533,67.0
4534,117.0
4535,1.0
4536,2.0
4537,1.0
4538,1.0
4539,4.0
4540,82.0
4541,3.0
4542,2.0
4543,5.0
4544,10.0
4545,41.0
4546,1.0
4547,3.0
4548,20.0
4549,3.0
4550,13.0
4551,9.0
4552,27.0
4553,3.0
4554,14.0
4555,2.0
4556,1.0
4557,2.0
4558,5.0
4559,3.0
4560,3.0
4561,2.0
4562,27.0
4563,1.0
4564,7.0
4565,4.0
4566,2.0
4567,6.0
4568,13.0
4569,1.0
4570,3.0
4571,1.0
4572,119.0
4573,1.0
4574,9.0
4575,4.0
4576,32.0
4577,2.0
4578,41.0
4579,25.0
4580,3.0
4581,2.0
4582,3.0
4583,1.0
4584,1.0
4585,9.0
4586,1.0
4587,3.0
4588,4.0
4589,6.0
4590,12.0
4591,17.0
4592,32.0
4593,14.0
4594,34.0
4595,31.0
4596,3.0
4597,40.0
4598,5.0
4599,2.0
4600,9.0
4601,24.0
4602,2.0
4603,12.0
4604,29.0
4605,2.0
4606,1.0
4607,18.0
4608,11.0
4609,2.0
4610,6.0
4611,6.0
4612,2.0
4613,2.0
4614,7.0
4615,6.0
4616,30.0
4617,10.0
4618,2.0
4619,6.0
4620,58.0
4621,97.0
4622,3.0
4623,3.0
4624,2.0
4625,8.0
4626,13.0
4627,1.0
4628,3.0
4629,6.0
4630,2.0
4631,7.0
4632,3.0
4633,80.0
4634,3.0
4635,8.0
4636,52.0
4637,18.0
4638,20.0
4639,3.0
4640,2.0
4641,31.0
4642,9.0
4643,4.0
4644,2.0
4645,4.0
4646,1.0
4647,64.0
4648,11.0
4649,2.0
4650,1.0
4651,75.0
4652,25.0
4653,1.0
4654,6.0
4655,1.0
4656,3.0
4657,24.0
4658,1.0
4659,1.0
4660,1.0
4661,1.0
4662,81.0
4663,45.0
4664,4.0
4665,3.0
4666,4.0
4667,3.0
4668,2.0
4669,5.0
4670,6.0
4671,22.0
4672,67.0
4673,3.0
4674,7.0
4675,7.0
4676,13.0
4677,2.0
4678,7.0
4679,11.0
4680,22.0
4681,2.0
4682,2.0
4683,50.0
4684,17.0
4685,5.0
4686,4.0
4687,114.0
4688,6.0
4689,2.0
4690,33.0
4691,1.0
4692,1.0
4693,19.0
4694,4.0
4695,6.0
4696,12.0
4697,36.0
4698,18.0
4699,50.0
4700,4.0
4701,3.0
4702,55.0
4703,5.0
4704,4.0
4705,1.0
4706,106.0
4707,5.0
4708,18.0
4709,1.0
4710,14.0
4711,8.0
4712,63.0
4713,3.0
4714,4.0
4715,31.0
4716,13.0
4717,5.0
4718,4.0
4719,2.0
4720,5.0
4721,4.0
4722,28.0
4723,10.0
4724,2.0
4725,2.0
4726,8.0
4727,13.0
4728,7.0
4729,2.0
4730,23.0
4731,3.0
4732,1.0
4733,54.0
4734,2.0
4735,1.0
4736,1.0
4737,1.0
4738,14.0
4739,1.0
4740,2.0
4741,2.0
4742,3.0
4743,31.0
4744,1.0
4745,5.0
4746,3.0
4747,5.0
4748,3.0
4749,7.0
4750,2.0
4751,10.0
4752,3.0
4753,18.0
4754,1.0
4755,121.0
4756,24.0
4757,7.0
4758,3.0
4759,5.0
4760,6.0
4761,45.0
4762,4.0
4763,21.0
4764,2.0
4765,6.0
4766,2.0
4767,3.0
4768,5.0
4769,24.0
4770,3.0
4771,2.0
4772,2.0
4773,23.0
4774,2.0
4775,24.0
4776,8.0
4777,5.0
4778,8.0
4779,4.0
4780,9.0
4781,29.0
4782,4.0
4783,15.0
4784,1.0
4785,12.0
4786,2.0
4787,24.0
4788,3.0
4789,1.0
4790,17.0
4791,15.0
4792,10.0
4793,3.0
4794,61.0
4795,10.0
4796,11.0
4797,2.0
4798,1.0
4799,11.0
4800,3.0
4801,23.0
4802,7.0
4803,21.0
4804,3.0
4805,3.0
4806,7.0
4807,1.0
4808,23.0
4809,4.0
4810,6.0
4811,35.0
4812,7.0
4813,5.0
4814,1.0
4815,11.0
4816,4.0
4817,35.0
4818,3.0
4819,5.0
4820,1.0
4821,3.0
4822,20.0
4823,5.0
4824,1.0
4825,7.0
4826,32.0
4827,11.0
4828,11.0
4829,1.0
4830,1.0
4831,39.0
4832,1.0
4833,1.0
4834,9.0
4835,3.0
4836,4.0
4837,8.0
4838,15.0
4839,15.0
4840,96.0
4841,83.0
4842,7.0
4843,5.0
4844,5.0
4845,12.0
4846,1.0
4847,7.0
4848,8.0
4849,5.0
4850,12.0
4851,2.0
4852,2.0
4853,87.0
4854,9.0
4855,12.0
4856,4.0
4857,2.0
4858,35.0
4859,31.0
4860,2.0
4861,19.0
4862,14.0
4863,15.0
4864,18.0
4865,12.0
4866,14.0
4867,2.0
4868,10.0
4869,3.0
4870,1.0
4871,3.0
4872,4.0
4873,2.0
4874,5.0
4875,7.0
4876,12.0
4877,27.0
4878,12.0
4879,1.0
4880,2.0
4881,2.0
4882,1.0
4883,6.0
4884,56.0
4885,23.0
4886,10.0
4887,3.0
4888,10.0
4889,5.0
4890,3.0
4891,19.0
4892,17.0
4893,3.0
4894,2.0
4895,1.0
4896,5.0
4897,125.0
4898,7.0
4899,4.0
4900,7.0
4901,17.0
4902,4.0
4903,24.0
4904,2.0
4905,7.0
4906,1.0
4907,6.0
4908,2.0
4909,20.0
4910,31.0
4911,4.0
4912,33.0
4913,3.0
4914,1.0
4915,7.0
4916,6.0
4917,20.0
4918,38.0
4919,1.0
4920,1.0
4921,74.0
4922,4.0
4923,4.0
4924,1.0
4925,5.0
4926,22.0
4927,44.0
4928,3.0
4929,10.0
4930,4.0
4931,46.0
4932,1.0
4933,2.0
4934,20.0
4935,17.0
4936,3.0
4937,41.0
4938,20.0
4939,15.0
4940,15.0
4941,2.0
4942,6.0
4943,25.0
4944,35.0
4945,2.0
4946,6.0
4947,4.0
4948,2.0
4949,1.0
4950,3.0
4951,21.0
4952,22.0
4953,4.0
4954,16.0
4955,28.0
4956,9.0
4957,7.0
4958,8.0
4959,6.0
4960,2.0
4961,2.0
4962,1.0
4963,4.0
4964,6.0
4965,90.0
4966,23.0
4967,42.0
4968,4.0
4969,1.0
4970,4.0
4971,2.0
4972,1.0
4973,13.0
4974,3.0
4975,43.0
4976,22.0
4977,6.0
4978,3.0
4979,11.0
4980,6.0
4981,4.0
4982,4.0
4983,21.0
4984,2.0
4985,1.0
4986,2.0
4987,2.0
4988,25.0
4989,1.0
4990,53.0
4991,2.0
4992,3.0
4993,4.0
4994,1.0
4995,4.0
4996,33.0
4997,5.0
4998,10.0
4999,5.0
5000,13.0
5001,1.0
5002,6.0
5003,27.0
5004,1.0
5005,11.0
5006,34.0
5007,5.0
5008,2.0
5009,3.0
5010,5.0
5011,5.0
5012,19.0
5013,3.0
5014,3.0
5015,29.0
5016,11.0
5017,3.0
5018,8.0
5019,33.0
5020,4.0
5021,15.0
5022,2.0
5023,72.0
5024,67.0
5025,4.0
5026,1.0
5027,9.0
5028,25.0
5029,15.0
5030,11.0
5031,5.0
5032,4.0
5033,3.0
5034,8.0
5035,4.0
5036,8.0
5037,28.0
5038,1.0
5039,83.0
5040,20.0
5041,113.0
5042,59.0
5043,114.0
5044,1.0
5045,72.0
5046,3.0
5047,11.0
5048,1.0
5049,3.0
5050,11.0
5051,7.0
5052,2.0
5053,56.0
5054,4.0
5055,2.0
5056,5.0
5057,1.0
5058,19.0
5059,3.0
5060,5.0
5061,2.0
5062,123.0
5063,10.0
5064,2.0
5065,13.0
5066,11.0
5067,10.0
5068,9.0
5069,6.0
5070,56.0
5071,11.0
5072,7.0
5073,13.0
5074,9.0
5075,12.0
5076,4.0
5077,4.0
5078,5.0
5079,4.0
5080,3.0
5081,16.0
5082,3.0
5083,3.0
5084,3.0
5085,4.0
5086,9.0
5087,4.0
5088,24.0
5089,5.0
5090,4.0
5091,30.0
5092,4.0
5093,6.0
5094,2.0
5095,8.0
5096,12.0
5097,4.0
5098,22.0
5099,7.0
5100,6.0
5101,2.0
5102,68.0
5103,1.0
5104,7.0
5105,4.0
5106,45.0
5107,8.0
5108,6.0
5109,1.0
5110,15.0
5111,53.0
5112,6.0
5113,3.0
5114,5.0
5115,12.0
5116,7.0
5117,1.0
5118,86.0
5119,1.0
5120,5.0
5121,2.0
5122,2.0
5123,3.0
5124,6.0
5125,2.0
5126,3.0
5127,3.0
5128,2.0
5129,5.0
5130,1.0
5131,4.0
5132,2.0
5133,24.0
5134,10.0
5135,5.0
5136,26.0
5137,11.0
5138,10.0
5139,1.0
5140,4.0
5141,27.0
5142,2.0
5143,1.0
5144,2.0
5145,48.0
5146,8.0
5147,5.0
5148,1.0
5149,2.0
5150,1.0
5151,1.0
5152,1.0
5153,2.0
5154,18.0
5155,1.0
5156,12.0
5157,14.0
5158,5.0
5159,2.0
5160,3.0
5161,3.0
5162,6.0
5163,56.0
5164,2.0
5165,6.0
5166,1.0
5167,13.0
5168,2.0
5169,2.0
5170,10.0
5171,4.0
5172,2.0
5173,1.0
5174,2.0
5175,16.0
5176,6.0
5177,5.0
5178,5.0
5179,2.0
5180,5.0
5181,69.0
5182,3.0
5183,3.0
5184,13.0
5185,37.0
5186,5.0
5187,4.0
5188,8.0
5189,4.0
5190,24.0
5191,1.0
5192,2.0
5193,28.0
5194,1.0
5195,9.0
5196,4.0
5197,2.0
5198,3.0
5199,8.0
5200,1.0
5201,2.0
5202,2.0
5203,16.0
5204,1.0
5205,10.0
5206,5.0
5207,7.0
5208,11.0
5209,3.0
5210,9.0
5211,21.0
5212,4.0
5213,2.0
5214,17.0
5215,3.0
5216,8.0
5217,35.0
5218,2.0
5219,2.0
5220,12.0
5221,3.0
5222,1.0
5223,1.0
5224,78.0
5225,3.0
5226,7.0
5227,3.0
5228,4.0
5229,9.0
5230,4.0
5231,1.0
5232,2.0
5233,2.0
5234,5.0
5235,3.0
5236,11.0
5237,3.0
5238,2.0
5239,2.0
5240,4.0
5241,1.0
5242,5.0
5243,3.0
5244,1.0
5245,44.0
5246,7.0
5247,1.0
5248,14.0
5249,2.0
5250,2.0
5251,2.0
5252,11.0
5253,3.0
5254,4.0
5255,2.0
5256,7.0
5257,2.0
5258,4.0
5259,11.0
5260,11.0
5261,1.0
5262,3.0
5263,2.0
5264,7.0
5265,1.0
5266,4.0
5267,2.0
5268,3.0
5269,5.0
5270,30.0
5271,11.0
5272,2.0
5273,5.0
5274,110.0
5275,9.0
5276,7.0
5277,2.0
5278,16.0
5279,2.0
5280,10.0
5281,4.0
5282,2.0
5283,5.0
5284,1.0
5285,1.0
5286,4.0
5287,1.0
5288,1.0
5289,2.0
5290,6.0
5291,11.0
5292,16.0
5293,1.0
5294,2.0
5295,5.0
5296,9.0
5297,2.0
5298,1.0
5299,59.0
5300,2.0
5301,43.0
5302,2.0
5303,11.0
5304,3.0
5305,7.0
5306,4.0
5307,2.0
5308,70.0
5309,7.0
5310,1.0
5311,99.0
5312,4.0
5313,1.0
5314,6.0
5315,1.0
5316,1.0
5317,4.0
5318,16.0
5319,6.0
5320,3.0
5321,3.0
5322,1.0
5323,24.0
5324,20.0
5325,5.0
5326,12.0
5327,54.0
5328,21.0
5329,21.0
5330,7.0
5331,3.0
5332,3.0
5333,4.0
5334,9.0
5335,11.0
5336,103.0
5337,17.0
5338,3.0
5339,28.0
5340,1.0
5341,2.0
5342,4.0
5343,85.0
5344,1.0
5345,3.0
5346,1.0
5347,58.0
5348,2.0
5349,4.0
5350,11.0
5351,21.0
5352,5.0
5353,10.0
5354,7.0
5355,12.0
5356,48.0
5357,2.0
5358,7.0
5359,1.0
5360,92.0
5361,5.0
5362,1.0
5363,39.0
5364,5.0
5365,4.0
5366,1.0
5367,4.0
5368,2.0
5369,36.0
5370,2.0
5371,2.0
5372,1.0
5373,22.0
5374,2.0
5375,1.0
5376,22.0
5377,2.0
5378,113.0
5379,19.0
5380,4.0
5381,21.0
5382,4.0
5383,42.0
5384,62.0
5385,8.0
5386,45.0
5387,28.0
5388,1.0
5389,3.0
5390,40.0
5391,2.0
5392,18.0
5393,12.0
5394,52.0
5395,3.0
5396,17.0
5397,33.0
5398,78.0
5399,6.0
5400,2.0
5401,5.0
5402,1.0
5403,3.0
5404,2.0
5405,21.0
5406,4.0
5407,1.0
5408,1.0
5409,17.0
5410,56.0
5411,5.0
5412,7.0
5413,1.0
5414,19.0
5415,2.0
5416,5.0
5417,3.0
5418,2.0
5419,18.0
5420,2.0
5421,5.0
5422,4.0
5423,1.0
5424,9.0
5425,19.0
5426,3.0
5427,36.0
5428,64.0
5429,7.0
5430,1.0
5431,4.0
5432,1.0
5433,1.0
5434,7.0
5435,6.0
5436,1.0
5437,2.0
5438,8.0
5439,1.0
5440,4.0
5441,9.0
5442,49.0
5443,2.0
5444,1.0
5445,3.0
5446,7.0
5447,7.0
5448,4.0
5449,2.0
5450,21.0
5451,14.0
5452,27.0
5453,55.0
5454,57.0
5455,2.0
5456,4.0
5457,27.0
5458,11.0
5459,5.0
5460,39.0
5461,1.0
5462,25.0
5463,1.0
5464,5.0
5465,1.0
5466,45.0
5467,17.0
5468,12.0
5469,2.0
5470,1.0
5471,2.0
5472,69.0
5473,1.0
5474,42.0
5475,4.0
5476,3.0
5477,1.0
5478,8.0
5479,14.0
5480,2.0
5481,3.0
5482,14.0
5483,9.0
5484,3.0
5485,43.0
5486,6.0
5487,24.0
5488,6.0
5489,9.0
5490,17.0
5491,1.0
5492,15.0
5493,4.0
5494,3.0
5495,1.0
5496,18.0
5497,2.0
5498,2.0
5499,10.0
5500,13.0
5501,2.0
5502,2.0
5503,13.0
5504,2.0
5505,60.0
5506,3.0
5507,3.0
5508,2.0
5509,3.0
5510,20.0
5511,4.0
5512,1.0
5513,12.0
5514,1.0
5515,37.0
5516,18.0
5517,5.0
5518,8.0
5519,27.0
5520,5.0
5521,1.0
5522,8.0
5523,3.0
5524,6.0
5525,6.0
5526,1.0
5527,7.0
5528,2.0
5529,17.0
5530,1.0
5531,2.0
5532,4.0
5533,3.0
5534,1.0
5535,1.0
5536,2.0
5537,8.0
5538,2.0
5539,12.0
5540,1.0
5541,2.0
5542,6.0
5543,1.0
5544,4.0
5545,1.0
5546,1.0
5547,1.0
5548,7.0
5549,5.0
5550,13.0
5551,101.0
5552,4.0
5553,1.0
5554,11.0
5555,7.0
5556,51.0
5557,2.0
5558,8.0
5559,2.0
5560,6.0
5561,6.0
5562,1.0
5563,2.0
5564,17.0
5565,1.0
5566,18.0
5567,1.0
5568,98.0
5569,10.0
5570,108.0
5571,3.0
5572,4.0
5573,11.0
5574,18.0
5575,11.0
5576,22.0
5577,2.0
5578,7.0
5579,11.0
5580,1.0
5581,5.0
5582,7.0
5583,10.0
5584,31.0
5585,11.0
5586,4.0
5587,63.0
5588,5.0
5589,25.0
5590,1.0
5591,9.0
5592,5.0
5593,8.0
5594,8.0
5595,2.0
5596,3.0
5597,3.0
5598,1.0
5599,16.0
5600,1.0
5601,1.0
5602,8.0
5603,2.0
5604,2.0
5605,3.0
5606,20.0
5607,4.0
5608,39.0
5609,13.0
5610,3.0
5611,5.0
5612,15.0
5613,3.0
5614,28.0
5615,13.0
5616,3.0
5617,57.0
5618,4.0
5619,18.0
5620,10.0
5621,69.0
5622,1.0
5623,10.0
5624,9.0
5625,5.0
5626,2.0
5627,1.0
5628,1.0
5629,15.0
5630,101.0
5631,28.0
5632,3.0
5633,12.0
5634,1.0
5635,8.0
5636,8.0
5637,2.0
5638,5.0
5639,4.0
5640,9.0
5641,31.0
5642,4.0
5643,7.0
5644,4.0
5645,3.0
5646,23.0
5647,1.0
5648,48.0
5649,5.0
5650,6.0
5651,25.0
5652,32.0
5653,1.0
5654,1.0
5655,4.0
5656,3.0
5657,11.0
5658,1.0
5659,4.0
5660,26.0
5661,11.0
5662,2.0
5663,4.0
5664,5.0
5665,17.0
5666,32.0
5667,4.0
5668,2.0
5669,7.0
5670,110.0
5671,7.0
5672,8.0
5673,4.0
5674,3.0
5675,2.0
5676,1.0
5677,1.0
5678,17.0
5679,11.0
5680,2.0
5681,4.0
5682,2.0
5683,14.0
5684,50.0
5685,5.0
5686,19.0
5687,7.0
5688,2.0
5689,4.0
5690,2.0
5691,2.0
5692,93.0
5693,35.0
5694,3.0
5695,7.0
5696,2.0
5697,4.0
5698,1.0
5699,53.0
5700,23.0
5701,7.0
5702,6.0
5703,49.0
5704,2.0
5705,1.0
5706,2.0
5707,67.0
5708,8.0
5709,2.0
5710,47.0
5711,1.0
5712,1.0
5713,5.0
5714,15.0
5715,2.0
5716,26.0
5717,2.0
5718,2.0
5719,2.0
5720,7.0
5721,5.0
5722,1.0
5723,18.0
5724,18.0
5725,4.0
5726,2.0
5727,4.0
5728,44.0
5729,15.0
5730,7.0
5731,3.0
5732,2.0
5733,5.0
5734,7.0
5735,54.0
5736,8.0
5737,107.0
5738,1.0
5739,107.0
5740,16.0
5741,9.0
5742,95.0
5743,17.0
5744,3.0
5745,1.0
5746,1.0
5747,10.0
5748,13.0
5749,2.0
5750,3.0
5751,5.0
5752,3.0
5753,9.0
5754,3.0
5755,1.0
5756,16.0
5757,10.0
5758,2.0
5759,25.0
5760,33.0
5761,5.0
5762,12.0
5763,1.0
5764,2.0
5765,4.0
5766,1.0
5767,7.0
5768,2.0
5769,3.0
5770,2.0
5771,3.0
5772,11.0
5773,38.0
5774,3.0
5775,1.0
5776,2.0
5777,3.0
5778,2.0
5779,17.0
5780,10.0
5781,61.0
5782,2.0
5783,6.0
5784,1.0
5785,1.0
5786,3.0
5787,7.0
5788,2.0
5789,4.0
5790,4.0
5791,2.0
5792,10.0
5793,7.0
5794,6.0
5795,56.0
5796,2.0
5797,4.0
5798,4.0
5799,20.0
5800,3.0
5801,7.0
5802,4.0
5803,22.0
5804,8.0
5805,5.0
5806,1.0
5807,2.0
5808,1.0
5809,7.0
5810,13.0
5811,2.0
5812,3.0
5813,2.0
5814,1.0
5815,1.0
5816,7.0
5817,26.0
5818,11.0
5819,7.0
5820,17.0
5821,3.0
5822,7.0
5823,12.0
5824,26.0
5825,5.0
5826,2.0
5827,5.0
5828,4.0
5829,5.0
5830,4.0
5831,4.0
5832,2.0
5833,2.0
5834,2.0
5835,1.0
5836,6.0
5837,4.0
5838,2.0
5839,1.0
5840,21.0
5841,12.0
5842,6.0
5843,4.0
5844,1.0
5845,1.0
5846,3.0
5847,1.0
5848,1.0
5849,1.0
5850,1.0
5851,21.0
5852,18.0
5853,9.0
5854,3.0
5855,2.0
5856,5.0
5857,10.0
5858,123.0
5859,28.0
5860,1.0
5861,39.0
5862,5.0
5863,1.0
5864,19.0
5865,16.0
5866,8.0
5867,4.0
5868,9.0
5869,5.0
5870,20.0
5871,15.0
5872,6.0
5873,73.0
5874,16.0
5875,1.0
5876,23.0
5877,30.0
5878,1.0
5879,1.0
5880,1.0
5881,1.0
5882,1.0
5883,1.0
5884,1.0
5885,1.0
5886,1.0
5887,1.0
5888,1.0
5889,1.0
5890,1.0
5891,12.0
5892,1.0
5893,1.0
5894,22.0
5895,11.0
5896,2.0
5897,1.0
5898,18.0
5899,10.0
5900,16.0
5901,3.0
5902,18.0
5903,2.0
5904,4.0
5905,1.0
5906,99.0
5907,8.0
5908,18.0
5909,1.0
5910,1.0
5911,4.0
5912,6.0
5913,3.0
5914,2.0
5915,4.0
5916,2.0
5917,14.0
5918,26.0
5919,2.0
5920,6.0
5921,11.0
5922,1.0
5923,44.0
5924,2.0
5925,4.0
5926,12.0
5927,1.0
5928,36.0
5929,3.0
5930,41.0
5931,7.0
5932,21.0
5933,3.0
5934,5.0
5935,30.0
5936,4.0
5937,9.0
5938,7.0
5939,34.0
5940,51.0
5941,1.0
5942,1.0
5943,5.0
5944,33.0
5945,10.0
5946,2.0
5947,11.0
5948,9.0
5949,14.0
5950,5.0
5951,4.0
5952,1.0
5953,1.0
5954,1.0
5955,16.0
5956,56.0
5957,4.0
5958,9.0
5959,2.0
5960,29.0
5961,1.0
5962,3.0
5963,3.0
5964,3.0
5965,3.0
5966,4.0
5967,3.0
5968,4.0
5969,49.0
5970,4.0
5971,1.0
5972,5.0
5973,38.0
5974,2.0
5975,51.0
5976,115.0
5977,6.0
5978,7.0
5979,5.0
5980,19.0
5981,99.0
5982,5.0
5983,2.0
5984,4.0
5985,2.0
5986,9.0
5987,5.0
5988,3.0
5989,3.0
5990,34.0
5991,3.0
5992,1.0
5993,109.0
5994,23.0
5995,2.0
5996,28.0
5997,4.0
5998,1.0
5999,51.0
6000,15.0
6001,1.0
6002,10.0
6003,1.0
6004,55.0
6005,6.0
6006,5.0
6007,87.0
6008,1.0
6009,6.0
6010,1.0
6011,7.0
6012,5.0
6013,7.0
6014,4.0
6015,5.0
6016,8.0
6017,2.0
6018,3.0
6019,1.0
6020,10.0
6021,1.0
6022,4.0
6023,7.0
6024,8.0
6025,3.0
6026,3.0
6027,6.0
6028,3.0
6029,6.0
6030,4.0
6031,1.0
6032,3.0
6033,4.0
6034,1.0
6035,7.0
6036,21.0
6037,16.0
6038,1.0
6039,9.0
6040,10.0
6041,2.0
6042,5.0
6043,11.0
6044,1.0
6045,5.0
6046,13.0
6047,26.0
6048,1.0
6049,3.0
6050,1.0
6051,2.0
6052,25.0
6053,1.0
6054,21.0
6055,5.0
6056,1.0
6057,2.0
6058,7.0
6059,34.0
6060,1.0
6061,1.0
6062,2.0
6063,2.0
6064,8.0
6065,6.0
6066,50.0
6067,15.0
6068,6.0
6069,1.0
6070,1.0
6071,4.0
6072,2.0
6073,7.0
6074,2.0
6075,3.0
6076,6.0
6077,4.0
6078,2.0
6079,5.0
6080,1.0
6081,4.0
6082,6.0
6083,10.0
6084,73.0
6085,16.0
6086,16.0
6087,1.0
6088,1.0
6089,1.0
6090,1.0
6091,1.0
6092,1.0
6093,1.0
6094,1.0
6095,1.0
6096,1.0
6097,1.0
6098,1.0
6099,1.0
6100,1.0
6101,1.0
6102,1.0
6103,1.0
6104,2.0
6105,1.0
6106,10.0
6107,3.0
6108,21.0
6109,4.0
6110,22.0
6111,90.0
6112,108.0
6113,3.0
6114,22.0
6115,11.0
6116,1.0
6117,1.0
6118,82.0
6119,3.0
6120,6.0
6121,92.0
6122,7.0
6123,12.0
6124,2.0
6125,44.0
6126,1.0
6127,2.0
6128,107.0
6129,35.0
6130,2.0
6131,4.0
6132,2.0
6133,32.0
6134,11.0
6135,9.0
6136,73.0
6137,56.0
6138,3.0
6139,7.0
6140,3.0
6141,28.0
6142,20.0
6143,99.0
6144,53.0
6145,2.0
6146,1.0
6147,7.0
6148,4.0
6149,7.0
6150,1.0
6151,13.0
6152,1.0
6153,118.0
6154,7.0
6155,2.0
6156,4.0
6157,1.0
6158,4.0
6159,30.0
6160,47.0
6161,5.0
6162,1.0
6163,18.0
6164,9.0
6165,136.0
6166,4.0
6167,40.0
6168,4.0
6169,30.0
6170,4.0
6171,3.0
6172,4.0
6173,50.0
6174,32.0
6175,11.0
6176,1.0
6177,6.0
6178,114.0
6179,9.0
6180,30.0
6181,35.0
6182,11.0
6183,3.0
6184,5.0
6185,5.0
6186,4.0
6187,1.0
6188,1.0
6189,5.0
6190,13.0
6191,2.0
6192,2.0
6193,17.0
6194,12.0
6195,9.0
6196,127.0
6197,7.0
6198,6.0
6199,1.0
6200,3.0
6201,5.0
6202,4.0
6203,23.0
6204,4.0
6205,1.0
6206,25.0
6207,6.0
6208,1.0
6209,9.0
6210,1.0
6211,10.0
6212,4.0
6213,5.0
6214,2.0
6215,2.0
6216,2.0
6217,1.0
6218,3.0
6219,49.0
6220,1.0
6221,54.0
6222,34.0
6223,1.0
6224,8.0
6225,1.0
6226,1.0
6227,10.0
6228,2.0
6229,1.0
6230,31.0
6231,13.0
6232,4.0
6233,2.0
6234,1.0
6235,4.0
6236,9.0
6237,11.0
6238,6.0
6239,12.0
6240,3.0
6241,4.0
6242,1.0
6243,1.0
6244,2.0
6245,9.0
6246,34.0
6247,6.0
6248,2.0
6249,1.0
6250,9.0
6251,1.0
6252,5.0
6253,8.0
6254,1.0
6255,3.0
6256,5.0
6257,10.0
6258,4.0
6259,2.0
6260,7.0
6261,3.0
6262,22.0
6263,2.0
6264,2.0
6265,15.0
6266,2.0
6267,3.0
6268,4.0
6269,22.0
6270,9.0
6271,37.0
6272,19.0
6273,7.0
6274,2.0
6275,11.0
6276,12.0
6277,3.0
6278,1.0
6279,15.0
6280,27.0
6281,1.0
6282,2.0
6283,103.0
6284,1.0
6285,2.0
6286,3.0
6287,2.0
6288,4.0
6289,1.0
6290,8.0
6291,53.0
6292,2.0
6293,1.0
6294,2.0
6295,11.0
6296,1.0
6297,3.0
6298,6.0
6299,4.0
6300,8.0
6301,13.0
6302,6.0
6303,2.0
6304,3.0
6305,7.0
6306,1.0
6307,3.0
6308,4.0
6309,57.0
6310,3.0
6311,2.0
6312,2.0
6313,4.0
6314,2.0
6315,4.0
6316,3.0
6317,63.0
6318,59.0
6319,3.0
6320,22.0
6321,20.0
6322,3.0
6323,51.0
6324,19.0
6325,7.0
6326,50.0
6327,2.0
6328,10.0
6329,9.0
6330,2.0
6331,14.0
6332,3.0
6333,3.0
6334,8.0
6335,19.0
6336,9.0
6337,3.0
6338,4.0
6339,1.0
6340,5.0
6341,5.0
6342,1.0
6343,1.0
6344,7.0
6345,1.0
6346,1.0
6347,62.0
6348,1.0
6349,2.0
6350,15.0
6351,5.0
6352,1.0
6353,4.0
6354,12.0
6355,5.0
6356,4.0
6357,14.0
6358,1.0
6359,1.0
6360,1.0
6361,20.0
6362,12.0
6363,1.0
6364,24.0
6365,7.0
6366,1.0
6367,2.0
6368,5.0
6369,16.0
6370,60.0
6371,8.0
6372,7.0
6373,2.0
6374,10.0
6375,3.0
6376,14.0
6377,1.0
6378,2.0
6379,3.0
6380,2.0
6381,48.0
6382,27.0
6383,18.0
6384,110.0
6385,24.0
6386,2.0
6387,4.0
6388,28.0
6389,5.0
6390,59.0
6391,2.0
6392,2.0
6393,2.0
6394,3.0
6395,51.0
6396,3.0
6397,4.0
6398,1.0
6399,5.0
6400,17.0
6401,10.0
6402,46.0
6403,127.0
6404,14.0
6405,8.0
6406,71.0
6407,4.0
6408,3.0
6409,16.0
6410,1.0
6411,42.0
6412,4.0
6413,1.0
6414,12.0
6415,1.0
6416,1.0
6417,2.0
6418,1.0
6419,1.0
6420,3.0
6421,5.0
6422,17.0
6423,8.0
6424,2.0
6425,5.0
6426,31.0
6427,7.0
6428,1.0
6429,4.0
6430,2.0
6431,15.0
6432,31.0
6433,25.0
6434,9.0
6435,23.0
6436,2.0
6437,2.0
6438,5.0
6439,7.0
6440,3.0
6441,4.0
6442,1.0
6443,7.0
6444,5.0
6445,1.0
6446,7.0
6447,3.0
6448,4.0
6449,6.0
6450,9.0
6451,7.0
6452,2.0
6453,4.0
6454,5.0
6455,2.0
6456,12.0
6457,2.0
6458,33.0
6459,30.0
6460,2.0
6461,2.0
6462,4.0
6463,36.0
6464,6.0
6465,69.0
6466,4.0
6467,11.0
6468,2.0
6469,7.0
6470,30.0
6471,19.0
6472,1.0
6473,12.0
6474,4.0
6475,3.0
6476,20.0
6477,2.0
6478,4.0
6479,49.0
6480,1.0
6481,10.0
6482,33.0
6483,1.0
6484,1.0
6485,2.0
6486,3.0
6487,1.0
6488,3.0
6489,8.0
6490,28.0
6491,6.0
6492,5.0
6493,59.0
6494,1.0
6495,45.0
6496,1.0
6497,5.0
6498,1.0
6499,2.0
6500,1.0
6501,1.0
6502,2.0
6503,4.0
6504,9.0
6505,2.0
6506,1.0
6507,1.0
6508,129.0
6509,13.0
6510,6.0
6511,9.0
6512,20.0
6513,49.0
6514,17.0
6515,22.0
6516,45.0
6517,1.0
6518,17.0
6519,5.0
6520,2.0
6521,2.0
6522,1.0
6523,1.0
6524,54.0
6525,2.0
6526,1.0
6527,1.0
6528,4.0
6529,8.0
6530,5.0
6531,4.0
6532,2.0
6533,2.0
6534,25.0
6535,6.0
6536,1.0
6537,6.0
6538,3.0
6539,5.0
6540,5.0
6541,16.0
6542,3.0
6543,13.0
6544,3.0
6545,51.0
6546,26.0
6547,41.0
6548,3.0
6549,11.0
6550,5.0
6551,6.0
6552,2.0
6553,3.0
6554,1.0
6555,12.0
6556,7.0
6557,2.0
6558,16.0
6559,4.0
6560,8.0
6561,3.0
6562,12.0
6563,3.0
6564,5.0
6565,2.0
6566,34.0
6567,23.0
6568,1.0
6569,2.0
6570,17.0
6571,1.0
6572,115.0
6573,3.0
6574,2.0
6575,1.0
6576,2.0
6577,12.0
6578,6.0
6579,4.0
6580,13.0
6581,9.0
6582,4.0
6583,4.0
6584,1.0
6585,10.0
6586,6.0
6587,7.0
6588,6.0
6589,9.0
6590,32.0
6591,3.0
6592,2.0
6593,2.0
6594,7.0
6595,38.0
6596,11.0
6597,12.0
6598,2.0
6599,4.0
6600,5.0
6601,15.0
6602,58.0
6603,10.0
6604,3.0
6605,8.0
6606,7.0
6607,21.0
6608,12.0
6609,1.0
6610,1.0
6611,2.0
6612,13.0
6613,4.0
6614,6.0
6615,36.0
6616,1.0
6617,2.0
6618,1.0
6619,15.0
6620,8.0
6621,2.0
6622,14.0
6623,3.0
6624,2.0
6625,15.0
6626,3.0
6627,5.0
6628,3.0
6629,3.0
6630,1.0
6631,2.0
6632,4.0
6633,4.0
6634,3.0
6635,14.0
6636,5.0
6637,1.0
6638,14.0
6639,2.0
6640,8.0
6641,4.0
6642,7.0
6643,16.0
6644,34.0
6645,36.0
6646,59.0
6647,2.0
6648,7.0
6649,4.0
6650,12.0
6651,7.0
6652,5.0
6653,4.0
6654,3.0
6655,3.0
6656,3.0
6657,1.0
6658,4.0
6659,8.0
6660,8.0
6661,8.0
6662,7.0
6663,5.0
6664,24.0
6665,11.0
6666,1.0
6667,22.0
6668,83.0
6669,13.0
6670,1.0
6671,1.0
6672,1.0
6673,1.0
6674,1.0
6675,3.0
6676,40.0
6677,8.0
6678,19.0
6679,5.0
6680,12.0
6681,18.0
6682,4.0
6683,48.0
6684,1.0
6685,3.0
6686,5.0
6687,2.0
6688,9.0
6689,8.0
6690,100.0
6691,45.0
6692,3.0
6693,74.0
6694,1.0
6695,4.0
6696,4.0
6697,8.0
6698,7.0
6699,1.0
6700,1.0
6701,53.0
6702,4.0
6703,2.0
6704,3.0
6705,3.0
6706,14.0
6707,23.0
6708,4.0
6709,4.0
6710,5.0
6711,13.0
6712,5.0
6713,2.0
6714,5.0
6715,7.0
6716,10.0
6717,22.0
6718,2.0
6719,10.0
6720,5.0
6721,45.0
6722,54.0
6723,2.0
6724,2.0
6725,4.0
6726,4.0
6727,1.0
6728,3.0
6729,1.0
6730,11.0
6731,1.0
6732,5.0
6733,6.0
6734,24.0
6735,2.0
6736,1.0
6737,1.0
6738,10.0
6739,39.0
6740,1.0
6741,38.0
6742,3.0
6743,18.0
6744,2.0
6745,12.0
6746,11.0
6747,7.0
6748,3.0
6749,1.0
6750,46.0
6751,4.0
6752,1.0
6753,23.0
6754,10.0
6755,7.0
6756,1.0
6757,1.0
6758,1.0
6759,5.0
6760,1.0
6761,3.0
6762,9.0
6763,8.0
6764,2.0
6765,1.0
6766,12.0
6767,37.0
6768,1.0
6769,61.0
6770,6.0
6771,6.0
6772,1.0
6773,10.0
6774,9.0
6775,5.0
6776,3.0
6777,17.0
6778,3.0
6779,3.0
6780,1.0
6781,5.0
6782,1.0
6783,1.0
6784,4.0
6785,11.0
6786,1.0
6787,27.0
6788,1.0
6789,3.0
6790,2.0
6791,26.0
6792,6.0
6793,5.0
6794,23.0
6795,1.0
6796,9.0
6797,2.0
6798,3.0
6799,1.0
6800,2.0
6801,3.0
6802,4.0
6803,13.0
6804,5.0
6805,16.0
6806,5.0
6807,1.0
6808,5.0
6809,40.0
6810,58.0
6811,4.0
6812,2.0
6813,2.0
6814,2.0
6815,2.0
6816,1.0
6817,5.0
6818,1.0
6819,1.0
6820,1.0
6821,4.0
6822,2.0
6823,1.0
6824,50.0
6825,17.0
6826,4.0
6827,2.0
6828,10.0
6829,1.0
6830,1.0
6831,9.0
6832,5.0
6833,1.0
6834,5.0
6835,4.0
6836,2.0
6837,1.0
6838,26.0
6839,2.0
6840,3.0
6841,24.0
6842,84.0
6843,7.0
6844,9.0
6845,2.0
6846,3.0
6847,68.0
6848,1.0
6849,108.0
6850,58.0
6851,10.0
6852,1.0
6853,1.0
6854,13.0
6855,4.0
6856,3.0
6857,2.0
6858,4.0
6859,10.0
6860,1.0
6861,5.0
6862,3.0
6863,10.0
6864,3.0
6865,7.0
6866,19.0
6867,9.0
6868,21.0
6869,1.0
6870,3.0
6871,3.0
6872,23.0
6873,5.0
6874,45.0
6875,14.0
6876,2.0
6877,24.0
6878,2.0
6879,7.0
6880,1.0
6881,1.0
6882,1.0
6883,2.0
6884,16.0
6885,2.0
6886,3.0
6887,1.0
6888,1.0
6889,1.0
6890,4.0
6891,4.0
6892,2.0
6893,14.0
6894,4.0
6895,21.0
6896,13.0
6897,26.0
6898,7.0
6899,2.0
6900,1.0
6901,2.0
6902,36.0
6903,1.0
6904,1.0
6905,1.0
6906,3.0
6907,13.0
6908,15.0
6909,2.0
6910,16.0
6911,15.0
6912,15.0
6913,2.0
6914,1.0
6915,3.0
6916,7.0
6917,6.0
6918,8.0
6919,13.0
6920,45.0
6921,3.0
6922,4.0
6923,4.0
6924,32.0
6925,12.0
6926,9.0
6927,1.0
6928,4.0
6929,2.0
6930,2.0
6931,10.0
6932,2.0
6933,36.0
6934,9.0
6935,2.0
6936,3.0
6937,1.0
6938,4.0
6939,1.0
6940,8.0
6941,14.0
6942,19.0
6943,38.0
6944,4.0
6945,8.0
6946,1.0
6947,2.0
6948,2.0
6949,10.0
6950,3.0
6951,1.0
6952,24.0
6953,2.0
6954,1.0
6955,53.0
6956,5.0
6957,4.0
6958,8.0
6959,29.0
6960,8.0
6961,5.0
6962,11.0
6963,10.0
6964,11.0
6965,5.0
6966,5.0
6967,45.0
6968,2.0
6969,1.0
6970,5.0
6971,7.0
6972,2.0
6973,3.0
6974,4.0
6975,33.0
6976,5.0
6977,71.0
6978,121.0
6979,11.0
6980,17.0
6981,6.0
6982,2.0
6983,97.0
6984,8.0
6985,1.0
6986,3.0
6987,6.0
6988,3.0
6989,6.0
6990,6.0
6991,8.0
6992,29.0
6993,12.0
6994,35.0
6995,20.0
6996,7.0
6997,4.0
6998,10.0
6999,11.0
7000,4.0
7001,2.0
7002,2.0
7003,2.0
7004,25.0
7005,10.0
7006,2.0
7007,12.0
7008,31.0
7009,2.0
7010,3.0
7011,4.0
7012,6.0
7013,10.0
7014,1.0
7015,8.0
7016,5.0
7017,3.0
7018,8.0
7019,1.0
7020,11.0
7021,1.0
7022,2.0
7023,8.0
7024,8.0
7025,6.0
7026,5.0
7027,3.0
7028,7.0
7029,2.0
7030,1.0
7031,5.0
7032,2.0
7033,4.0
7034,4.0
7035,52.0
7036,2.0
7037,1.0
7038,24.0
7039,15.0
7040,1.0
7041,4.0
7042,3.0
7043,2.0
7044,1.0
7045,4.0
7046,1.0
7047,4.0
7048,5.0
7049,7.0
7050,100.0
7051,4.0
7052,82.0
7053,13.0
7054,4.0
7055,10.0
7056,2.0
7057,1.0
7058,2.0
7059,2.0
7060,3.0
7061,4.0
7062,2.0
7063,3.0
7064,2.0
7065,1.0
7066,2.0
7067,6.0
7068,6.0
7069,7.0
7070,15.0
7071,2.0
7072,4.0
7073,6.0
7074,4.0
7075,6.0
7076,14.0
7077,55.0
7078,5.0
7079,1.0
7080,4.0
7081,2.0
7082,4.0
7083,1.0
7084,2.0
7085,1.0
7086,19.0
7087,62.0
7088,11.0
7089,1.0
7090,20.0
7091,9.0
7092,6.0
7093,18.0
7094,18.0
7095,33.0
7096,1.0
7097,17.0
7098,2.0
7099,1.0
7100,7.0
7101,77.0
7102,14.0
7103,5.0
7104,5.0
7105,23.0
7106,11.0
7107,10.0
7108,25.0
7109,2.0
7110,15.0
7111,14.0
7112,22.0
7113,15.0
7114,24.0
7115,7.0
7116,25.0
7117,14.0
7118,33.0
7119,2.0
7120,6.0
7121,4.0
7122,13.0
7123,4.0
7124,4.0
7125,2.0
7126,43.0
7127,28.0
7128,1.0
7129,2.0
7130,26.0
7131,23.0
7132,2.0
7133,11.0
7134,2.0
7135,20.0
7136,6.0
7137,2.0
7138,4.0
7139,2.0
7140,2.0
7141,1.0
7142,4.0
7143,10.0
7144,10.0
7145,3.0
7146,2.0
7147,6.0
7148,2.0
7149,1.0
7150,1.0
7151,13.0
7152,1.0
7153,2.0
7154,10.0
7155,15.0
7156,27.0
7157,1.0
7158,7.0
7159,1.0
7160,2.0
7161,11.0
7162,15.0
7163,1.0
7164,9.0
7165,21.0
7166,11.0
7167,5.0
7168,114.0
7169,5.0
7170,1.0
7171,5.0
7172,2.0
7173,7.0
7174,4.0
7175,1.0
7176,2.0
7177,8.0
7178,3.0
7179,10.0
7180,6.0
7181,7.0
7182,5.0
7183,5.0
7184,3.0
7185,109.0
7186,18.0
7187,5.0
7188,8.0
7189,7.0
7190,2.0
7191,6.0
7192,25.0
7193,8.0
7194,2.0
7195,30.0
7196,9.0
7197,1.0
7198,4.0
7199,1.0
7200,4.0
7201,7.0
7202,2.0
7203,4.0
7204,1.0
7205,24.0
7206,7.0
7207,8.0
7208,10.0
7209,3.0
7210,7.0
7211,35.0
7212,2.0
7213,2.0
7214,65.0
7215,83.0
7216,11.0
7217,1.0
7218,1.0
7219,1.0
7220,58.0
7221,8.0
7222,12.0
7223,3.0
7224,3.0
7225,5.0
7226,2.0
7227,4.0
7228,4.0
7229,13.0
7230,2.0
7231,1.0
7232,2.0
7233,16.0
7234,10.0
7235,4.0
7236,23.0
7237,4.0
7238,3.0
7239,4.0
7240,4.0
7241,6.0
7242,12.0
7243,7.0
7244,1.0
7245,3.0
7246,5.0
7247,5.0
7248,6.0
7249,17.0
7250,8.0
7251,1.0
7252,3.0
7253,2.0
7254,33.0
7255,1.0
7256,31.0
7257,110.0
7258,4.0
7259,8.0
7260,7.0
7261,18.0
7262,21.0
7263,7.0
7264,1.0
7265,30.0
7266,2.0
7267,14.0
7268,56.0
7269,2.0
7270,6.0
7271,23.0
7272,60.0
7273,3.0
7274,3.0
7275,5.0
7276,20.0
7277,14.0
7278,2.0
7279,7.0
7280,5.0
7281,2.0
7282,1.0
7283,37.0
7284,4.0
7285,17.0
7286,4.0
7287,12.0
7288,12.0
7289,28.0
7290,3.0
7291,2.0
7292,2.0
7293,6.0
7294,1.0
7295,5.0
7296,34.0
7297,3.0
7298,4.0
7299,4.0
7300,2.0
7301,2.0
7302,2.0
7303,20.0
7304,15.0
7305,5.0
7306,3.0
7307,21.0
7308,22.0
7309,6.0
7310,43.0
7311,4.0
7312,4.0
7313,3.0
7314,2.0
7315,7.0
7316,3.0
7317,50.0
7318,3.0
7319,5.0
7320,4.0
7321,15.0
7322,15.0
7323,4.0
7324,2.0
7325,5.0
7326,60.0
7327,5.0
7328,16.0
7329,23.0
7330,58.0
7331,20.0
7332,20.0
7333,5.0
7334,10.0
7335,2.0
7336,13.0
7337,9.0
7338,2.0
7339,11.0
7340,2.0
7341,5.0
7342,1.0
7343,13.0
7344,1.0
7345,11.0
7346,1.0
7347,7.0
7348,2.0
7349,9.0
7350,11.0
7351,1.0
7352,2.0
7353,24.0
7354,17.0
7355,2.0
7356,9.0
7357,5.0
7358,3.0
7359,112.0
7360,18.0
7361,5.0
7362,2.0
7363,5.0
7364,40.0
7365,49.0
7366,5.0
7367,6.0
7368,17.0
7369,2.0
7370,3.0
7371,5.0
7372,14.0
7373,74.0
7374,5.0
7375,3.0
7376,2.0
7377,2.0
7378,8.0
7379,4.0
7380,47.0
7381,100.0
7382,2.0
7383,6.0
7384,6.0
7385,4.0
7386,2.0
7387,1.0
7388,2.0
7389,2.0
7390,4.0
7391,1.0
7392,1.0
7393,23.0
7394,1.0
7395,3.0
7396,25.0
7397,6.0
7398,12.0
7399,1.0
7400,7.0
7401,2.0
7402,1.0
7403,4.0
7404,1.0
7405,98.0
7406,90.0
7407,9.0
7408,2.0
7409,6.0
7410,1.0
7411,6.0
7412,1.0
7413,3.0
7414,2.0
7415,2.0
7416,4.0
7417,3.0
7418,7.0
7419,2.0
7420,4.0
7421,1.0
7422,47.0
7423,5.0
7424,25.0
7425,5.0
7426,1.0
7427,2.0
7428,6.0
7429,9.0
7430,7.0
7431,1.0
7432,13.0
7433,3.0
7434,3.0
7435,25.0
7436,3.0
7437,81.0
7438,4.0
7439,1.0
7440,2.0
7441,10.0
7442,7.0
7443,5.0
7444,48.0
7445,4.0
7446,8.0
7447,9.0
7448,3.0
7449,3.0
7450,4.0
7451,4.0
7452,6.0
7453,29.0
7454,1.0
7455,11.0
7456,3.0
7457,1.0
7458,19.0
7459,7.0
7460,2.0
7461,3.0
7462,6.0
7463,5.0
7464,3.0
7465,11.0
7466,56.0
7467,2.0
7468,8.0
7469,3.0
7470,2.0
7471,1.0
7472,2.0
7473,22.0
7474,6.0
7475,1.0
7476,8.0
7477,28.0
7478,22.0
7479,1.0
7480,4.0
7481,6.0
7482,1.0
7483,1.0
7484,18.0
7485,11.0
7486,9.0
7487,5.0
7488,8.0
7489,27.0
7490,2.0
7491,2.0
7492,4.0
7493,9.0
7494,5.0
7495,75.0
7496,91.0
7497,32.0
7498,3.0
7499,3.0
7500,1.0
7501,2.0
7502,2.0
7503,1.0
7504,5.0
7505,16.0
7506,2.0
7507,4.0
7508,20.0
7509,1.0
7510,1.0
7511,2.0
7512,1.0
7513,3.0
7514,3.0
7515,2.0
7516,4.0
7517,20.0
7518,8.0
7519,28.0
7520,14.0
7521,29.0
7522,3.0
7523,15.0
7524,19.0
7525,6.0
7526,2.0
7527,2.0
7528,26.0
7529,2.0
7530,7.0
7531,24.0
7532,2.0
7533,91.0
7534,12.0
7535,2.0
7536,5.0
7537,1.0
7538,18.0
7539,5.0
7540,1.0
7541,4.0
7542,6.0
7543,4.0
7544,1.0
7545,4.0
7546,3.0
7547,3.0
7548,1.0
7549,3.0
7550,1.0
7551,1.0
7552,2.0
7553,3.0
7554,3.0
7555,4.0
7556,6.0
7557,6.0
7558,3.0
7559,12.0
7560,4.0
7561,13.0
7562,5.0
7563,6.0
7564,34.0
7565,3.0
7566,42.0
7567,17.0
7568,6.0
7569,14.0
7570,1.0
7571,3.0
7572,18.0
7573,2.0
7574,18.0
7575,4.0
7576,1.0
7577,1.0
7578,5.0
7579,63.0
7580,1.0
7581,1.0
7582,3.0
7583,10.0
7584,9.0
7585,35.0
7586,3.0
7587,1.0
7588,4.0
7589,6.0
7590,1.0
7591,4.0
7592,5.0
7593,3.0
7594,2.0
7595,20.0
7596,2.0
7597,4.0
7598,23.0
7599,2.0
7600,8.0
7601,1.0
7602,1.0
7603,2.0
7604,14.0
7605,4.0
7606,1.0
7607,3.0
7608,3.0
7609,4.0
7610,2.0
7611,5.0
7612,1.0
7613,5.0
7614,1.0
7615,2.0
7616,89.0
7617,25.0
7618,2.0
7619,16.0
7620,7.0
7621,59.0
7622,10.0
7623,4.0
7624,3.0
7625,1.0
7626,7.0
7627,12.0
7628,3.0
7629,1.0
7630,2.0
7631,32.0
7632,48.0
7633,125.0
7634,16.0
7635,5.0
7636,13.0
7637,14.0
7638,5.0
7639,1.0
7640,4.0
7641,46.0
7642,3.0
7643,3.0
7644,6.0
7645,1.0
7646,2.0
7647,2.0
7648,2.0
7649,2.0
7650,3.0
7651,2.0
7652,102.0
7653,5.0
7654,2.0
7655,2.0
7656,4.0
7657,83.0
7658,2.0
7659,16.0
7660,7.0
7661,13.0
7662,9.0
7663,4.0
7664,1.0
7665,7.0
7666,2.0
7667,7.0
7668,1.0
7669,11.0
7670,15.0
7671,1.0
7672,19.0
7673,6.0
7674,1.0
7675,7.0
7676,11.0
7677,33.0
7678,2.0
7679,2.0
7680,1.0
7681,2.0
7682,67.0
7683,3.0
7684,6.0
7685,3.0
7686,51.0
7687,6.0
7688,9.0
7689,1.0
7690,50.0
7691,4.0
7692,1.0
7693,5.0
7694,27.0
7695,1.0
7696,26.0
7697,64.0
7698,2.0
